battery_power,blue,clock_speed,dual_sim,fc,four_g,int_memory,m_dep,mobile_wt,n_cores,pc,px_height,px_width,ram,sc_h,sc_w,talk_time,three_g,touch_screen,wifi,price_range,price_usd
842,0,2.2,0,1,0,7,0.6,188,2,2,20,756,2549,9,7,19,0,0,1,1,459.06
1021,1,0.5,1,0,1,53,0.7,136,3,6,905,1988,2631,17,3,7,1,1,0,2,590.19
563,1,0.5,1,2,1,41,0.9,145,5,6,1263,1716,2603,11,2,9,1,1,0,2,625.65
615,1,2.5,0,0,0,10,0.8,131,6,9,1216,1786,2769,16,8,11,1,0,0,2,605.63
1821,1,1.2,0,13,1,44,0.6,141,2,14,1208,1212,1411,8,2,15,1,1,0,1,505.91
1859,0,0.5,1,3,0,22,0.7,164,1,7,1004,1654,1067,17,1,10,1,0,0,1,339.68
1821,0,1.7,0,4,1,10,0.8,139,8,10,381,1018,3220,13,8,18,1,0,1,3,710.64
1954,0,0.5,1,0,0,24,0.8,187,4,0,512,1149,700,16,3,5,1,1,1,0,298.68
1445,1,0.5,0,0,0,53,0.7,174,7,14,386,836,1099,17,1,20,1,0,0,0,450.11
509,1,0.6,1,2,1,9,0.1,93,5,15,1137,1224,513,19,10,12,1,0,0,0,290.71
769,1,2.9,1,0,0,9,0.1,182,5,1,248,874,3946,5,2,7,0,0,0,3,699.58
1520,1,2.2,0,5,1,33,0.5,177,8,18,151,1005,3826,14,9,13,1,1,1,3,927.39
1815,0,2.8,0,2,0,33,0.6,159,4,17,607,748,1482,18,0,2,1,0,0,1,524.29
803,1,2.1,0,7,0,17,1.0,198,4,11,344,1440,2680,7,1,4,1,0,1,2,623.2
1866,0,0.5,0,13,1,52,0.7,185,1,17,356,563,373,14,9,3,1,0,1,0,488.59
775,0,1.0,0,3,0,46,0.7,159,2,16,862,1864,568,17,15,11,1,1,1,0,371.39
838,0,0.5,0,1,1,13,0.1,196,8,4,984,1850,3554,10,9,19,1,0,1,3,655.19
595,0,0.9,1,7,1,23,0.1,121,3,17,441,810,3752,10,2,18,1,1,0,3,693.63
1131,1,0.5,1,11,0,49,0.6,101,5,18,658,878,1835,19,13,16,1,1,0,1,616.59
682,1,0.5,0,4,0,19,1.0,121,4,11,902,1064,2337,11,1,18,0,1,1,1,496.72
772,0,1.1,1,12,0,39,0.8,81,7,14,1314,1854,2819,17,15,3,1,1,0,3,690.8
1709,1,2.1,0,1,0,13,1.0,156,2,2,974,1385,3283,17,1,15,1,0,0,3,550.93
1949,0,2.6,1,4,0,47,0.3,199,4,7,407,822,1433,11,5,20,0,0,1,1,583.69
1602,1,2.8,1,4,1,38,0.7,114,3,20,466,788,1037,8,7,20,1,0,0,0,521.13
503,0,1.2,1,5,1,8,0.4,111,3,13,201,1245,2583,11,0,12,1,0,0,1,524.0
961,1,1.4,1,0,1,57,0.6,114,8,3,291,1434,2782,18,9,7,1,1,1,2,686.28
519,1,1.6,1,7,1,51,0.3,132,4,19,550,645,3763,16,1,4,1,0,1,3,879.72
956,0,0.5,0,1,1,41,1.0,143,7,6,511,1075,3286,17,8,12,1,1,0,3,678.78
1453,0,1.6,1,12,1,52,0.3,96,2,18,187,1311,2373,10,1,10,1,1,1,2,737.37
851,0,0.5,0,3,0,21,0.4,200,5,7,1171,1263,478,12,7,10,1,0,1,0,289.27
1579,1,0.5,1,0,0,5,0.2,88,7,9,1358,1739,3532,17,11,12,0,0,1,3,720.9
1568,1,0.5,0,16,0,33,1.0,150,8,20,413,654,508,5,1,6,1,1,1,0,433.46
1319,1,0.9,0,3,1,41,0.9,107,1,18,85,1152,2227,18,5,3,1,1,1,1,588.49
1310,1,2.2,1,0,1,51,0.6,100,4,0,178,1919,3845,7,0,12,1,1,0,3,738.35
644,1,2.7,0,0,0,22,0.7,157,8,3,311,881,1262,12,1,15,1,0,0,0,442.65
725,0,1.3,1,16,0,60,0.4,160,8,17,1134,1249,1326,10,4,15,1,0,0,1,658.53
589,1,2.3,1,1,0,61,0.6,160,4,10,429,815,2113,13,7,2,1,0,1,1,605.01
1725,1,1.6,1,6,1,6,0.5,119,2,18,609,1307,3429,6,5,4,1,1,0,3,660.5
790,0,2.0,1,16,1,11,0.3,87,6,17,347,730,3169,6,1,2,1,0,1,2,713.68
560,0,0.5,1,15,0,50,0.3,159,2,20,1448,1613,2150,18,12,11,1,1,0,2,665.9
1347,0,2.9,0,5,0,44,0.6,132,1,14,434,967,2484,18,2,11,1,0,1,2,645.0
1646,1,2.3,0,8,1,41,0.2,185,2,10,1725,1932,3339,18,10,19,1,1,0,3,797.05
1253,1,0.5,1,5,1,5,0.2,152,2,19,685,714,1878,15,0,4,1,1,0,1,464.33
1656,0,1.0,0,5,1,34,0.1,166,3,7,880,1456,1629,15,12,14,1,1,0,1,508.66
1195,1,2.8,0,1,1,20,0.8,110,2,14,1580,1652,504,9,3,12,1,1,0,0,366.07
1514,0,2.9,0,0,0,27,0.2,118,3,1,186,1810,1152,8,3,20,0,1,1,1,387.92
1723,1,1.1,1,1,0,42,1.0,164,8,14,202,1791,3587,10,5,3,1,0,0,3,803.76
1054,1,1.8,1,3,1,40,0.8,196,7,10,27,774,2296,16,12,12,1,0,1,1,658.85
578,1,2.6,1,2,1,57,0.2,162,8,8,1025,1433,1270,15,3,5,1,0,1,0,638.57
596,0,2.1,1,9,0,64,0.8,111,8,15,885,1854,3238,16,13,10,0,0,0,3,848.09
1547,1,3.0,1,2,1,14,0.7,198,3,19,1042,1832,2059,5,0,15,1,0,1,2,611.4
1760,0,1.4,1,5,0,63,0.8,127,8,19,1382,1383,2053,19,12,16,0,1,0,2,737.21
1654,1,1.5,1,0,1,43,0.3,109,2,0,546,629,3112,12,5,10,1,1,0,3,591.68
1457,0,1.9,1,1,1,16,0.3,102,3,10,1013,1287,1440,17,8,12,1,0,1,1,455.53
1073,1,0.5,1,0,0,51,0.5,145,7,0,690,804,2908,6,0,18,0,1,0,2,579.18
1936,0,2.1,1,10,1,46,0.6,104,3,20,667,1036,2552,14,7,13,1,0,0,2,718.78
823,1,2.7,1,13,0,60,0.5,148,8,19,822,1449,905,14,11,17,1,1,1,0,635.1
987,0,1.3,1,0,1,61,0.4,107,3,9,581,820,3963,9,4,20,1,0,1,3,907.8
1757,0,0.5,0,8,0,49,0.5,180,6,14,265,713,2056,7,5,4,0,0,0,1,559.03
1063,0,1.4,1,2,1,48,1.0,128,5,4,127,683,2910,15,13,9,1,1,1,2,720.05
1484,0,3.0,0,3,0,12,0.6,134,3,5,916,969,1457,14,4,20,1,1,0,1,361.36
799,1,2.3,0,1,1,63,0.8,144,8,6,361,975,431,15,6,6,1,1,1,0,480.89
1156,1,1.2,1,0,1,50,0.8,159,2,0,322,547,470,7,0,15,1,1,0,0,343.23
1720,0,2.0,0,15,1,55,0.5,168,2,18,753,1353,2148,14,2,5,1,1,1,2,750.34
702,0,2.6,1,2,1,9,0.7,141,3,3,504,1570,2955,10,4,19,1,0,0,2,589.63
616,0,1.9,1,13,1,44,0.8,81,3,17,651,1618,3366,18,8,13,1,1,0,3,834.5
1358,1,0.5,0,11,1,36,0.3,155,4,14,1565,1858,3068,9,4,4,1,1,0,3,713.16
1866,0,1.4,0,0,0,30,0.5,182,3,0,108,1781,3834,16,11,8,0,0,0,3,643.9
1242,0,1.1,1,0,0,10,0.6,165,2,1,459,1225,1050,11,1,4,1,0,1,0,307.46
1166,0,1.5,1,0,1,43,0.8,80,4,1,205,603,3993,7,1,7,1,1,0,3,743.82
1448,1,0.5,1,6,1,45,0.8,138,7,11,570,1724,3378,13,11,2,1,1,1,3,714.32
1407,1,2.4,0,1,1,22,0.7,104,4,4,1172,1217,2192,9,7,13,1,0,1,2,517.91
605,0,1.0,0,8,1,9,0.1,142,3,16,160,1026,392,15,6,4,1,0,0,0,285.86
1038,0,1.2,0,3,0,43,0.7,141,1,5,4,638,3709,11,0,12,1,1,1,3,706.05
797,1,2.9,1,4,0,38,0.5,90,4,6,763,1413,590,9,2,6,0,1,0,0,386.23
819,0,0.6,1,8,1,42,0.9,188,6,20,339,1242,1814,5,4,13,1,0,1,1,631.41
1114,0,2.8,0,4,1,9,0.4,197,3,15,1040,1071,907,10,7,17,1,1,0,0,387.4
1234,1,1.6,1,1,0,33,0.6,172,1,3,166,778,1449,11,7,6,0,0,1,0,405.99
1199,1,2.5,1,15,1,16,0.2,116,4,20,1168,1552,3448,17,13,10,1,0,1,3,850.55
1103,0,1.0,1,6,0,29,0.7,111,6,8,990,1486,1837,8,7,16,0,1,1,1,504.8
1589,1,0.6,1,0,1,58,0.9,85,7,7,319,1206,3464,19,10,6,1,1,1,3,796.82
999,0,2.9,1,11,1,64,0.2,199,4,19,1397,1616,2593,14,11,16,1,1,0,2,785.9
1510,1,0.9,1,2,0,45,0.9,180,5,3,708,1752,3484,9,6,11,0,1,1,3,693.1
1008,0,0.8,0,11,0,61,1.0,114,3,15,1077,1122,2009,10,3,11,1,0,0,1,601.62
1127,1,2.9,1,5,1,57,0.8,163,1,13,928,1049,2048,11,5,17,1,1,1,1,595.93
1412,1,2.4,0,5,0,25,0.8,96,8,17,516,1894,837,15,9,4,0,0,1,1,510.69
1496,1,2.0,1,4,0,42,0.5,182,5,5,96,741,854,16,0,7,0,1,1,0,423.7
1083,1,2.9,1,1,1,64,0.8,178,3,11,1025,1118,3210,13,3,4,1,0,0,3,787.69
668,0,0.5,1,0,0,3,0.1,155,5,13,666,1203,2746,9,5,8,1,1,1,2,521.06
1309,0,1.1,1,0,0,33,0.5,100,4,14,557,1402,2334,10,1,11,1,0,1,2,587.01
1724,0,2.0,1,2,1,57,0.5,177,3,5,1605,1924,2822,19,3,16,1,1,0,3,755.29
1977,1,2.0,1,7,1,54,1.0,171,7,18,1226,1242,1971,18,7,14,1,1,0,2,731.27
885,0,2.3,1,0,1,15,0.4,103,7,0,769,802,1410,16,10,5,1,1,1,0,439.17
879,1,2.5,0,11,1,14,0.7,83,6,15,403,1105,349,16,10,2,1,0,1,0,414.57
1322,0,1.7,1,6,0,7,0.8,140,3,9,177,1990,1418,19,17,12,0,1,0,1,350.69
1137,1,1.0,0,18,0,7,1.0,196,3,19,942,1179,3616,13,5,12,1,1,1,3,667.14
1355,0,2.3,0,10,1,23,0.2,132,5,16,651,891,880,19,4,8,1,1,0,0,443.98
1665,1,0.5,0,3,1,60,0.2,194,6,18,1572,1684,1601,18,17,14,1,0,0,2,581.86
657,0,2.5,0,0,0,37,0.7,141,2,1,476,961,1412,14,3,18,0,1,0,0,386.22
593,0,0.5,0,6,0,31,0.4,156,7,7,1233,1317,1692,6,2,7,1,0,0,1,421.29
1883,1,0.5,0,3,1,10,0.3,146,6,13,836,1739,2600,16,8,20,1,0,0,3,563.3
1732,1,1.1,0,4,1,12,0.8,119,8,9,824,881,1308,16,7,11,1,0,1,1,495.39
543,0,0.5,0,0,0,57,0.7,192,5,4,391,984,2413,17,14,15,1,0,0,1,526.26
1939,1,2.8,1,0,1,55,0.6,199,4,10,320,520,1047,14,10,18,1,1,0,0,561.76
553,0,2.4,1,1,1,8,0.5,121,7,3,325,902,1204,11,4,8,1,1,1,0,393.7
832,0,0.7,1,2,1,39,0.7,103,4,3,125,1504,1799,5,2,11,1,0,1,1,486.89
1661,0,1.9,1,5,0,23,1.0,172,5,10,846,1634,2676,12,6,11,0,1,1,3,600.94
1657,1,2.4,0,3,0,42,0.1,198,5,16,1770,1796,2597,18,1,14,1,0,0,3,687.04
1135,1,2.0,1,0,0,46,0.3,83,1,4,293,1846,3029,19,17,9,1,1,1,3,653.32
1775,1,1.5,0,3,0,41,0.1,163,1,7,1633,1869,2343,19,13,14,1,1,1,3,528.14
783,0,1.8,1,0,1,43,1.0,106,3,4,1198,1471,2016,16,4,18,1,1,0,1,553.19
617,1,2.3,0,0,0,32,0.5,199,7,20,768,874,2213,18,13,7,0,0,0,1,612.19
867,0,1.4,1,0,1,4,0.7,135,6,1,70,1974,790,13,6,3,1,1,0,0,278.15
1310,1,1.1,1,13,0,7,1.0,194,5,14,117,513,3182,8,4,5,1,1,0,2,587.21
1804,0,0.5,0,9,1,22,0.6,153,7,19,1158,1244,3472,9,1,20,1,0,1,3,776.96
1900,1,2.3,0,1,1,18,0.2,89,7,9,1055,1661,2871,12,1,13,1,1,1,3,678.2
909,1,1.4,0,0,0,53,0.3,82,8,0,635,973,3187,12,9,4,1,0,0,2,674.3
1084,1,2.6,0,3,1,40,0.9,107,3,11,322,771,1945,15,4,10,1,1,0,1,564.02
1308,0,1.3,1,8,0,46,0.9,199,1,12,275,989,488,5,3,9,0,1,0,0,417.76
1778,0,0.5,0,0,0,15,0.5,102,3,0,1445,1954,1214,5,0,14,1,0,0,1,324.49
1701,1,1.6,1,3,0,10,0.3,194,8,7,550,1338,2598,12,9,6,0,1,0,2,537.89
772,1,2.4,1,1,1,10,0.5,80,4,2,1242,1712,3242,18,11,4,1,1,0,3,625.14
825,1,0.5,1,7,0,52,0.9,130,3,10,597,863,3534,10,4,6,0,1,0,3,731.5
1379,0,1.1,0,5,1,36,0.8,200,2,7,538,1376,3426,5,4,17,1,1,1,3,770.29
1166,0,2.0,0,3,1,25,0.8,198,5,4,59,1203,2488,13,5,15,1,0,0,2,600.56
1659,0,2.8,0,5,0,16,0.6,89,1,20,819,902,3255,19,14,9,0,0,1,3,684.38
826,1,2.4,1,0,1,58,0.3,88,4,1,179,786,2863,9,3,18,1,0,1,2,751.17
1564,0,2.3,0,4,1,25,0.5,189,6,17,1259,1965,1496,6,4,7,1,1,1,1,549.1
1957,0,0.9,1,11,0,31,0.6,181,3,16,396,1732,3801,12,0,7,1,0,1,3,767.84
1571,0,1.4,0,0,1,19,0.1,100,6,1,713,1398,666,12,10,13,1,1,0,0,314.7
1414,0,2.0,1,2,0,54,0.8,99,7,3,262,829,3799,17,7,7,1,0,1,3,793.11
1790,0,2.5,1,9,0,2,0.1,184,1,14,622,792,1366,7,0,20,1,1,1,1,384.41
645,0,0.5,0,1,0,41,1.0,197,7,10,327,580,2962,12,9,4,1,1,1,2,634.4
668,0,2.9,1,7,0,30,0.2,195,8,12,522,1056,2399,10,5,7,1,1,1,1,674.39
1652,1,1.1,1,1,0,36,0.7,89,4,5,313,1264,2338,12,8,20,0,0,0,2,492.18
1213,1,0.5,0,0,0,16,0.5,108,5,0,226,1248,2700,12,3,9,0,0,1,2,452.86
1272,1,2.5,1,0,0,22,0.9,133,6,8,605,669,2235,19,4,4,1,0,0,1,560.48
866,0,0.5,1,5,1,46,0.5,179,8,7,692,1686,3825,12,11,2,1,1,1,3,832.34
536,0,2.4,1,12,1,3,0.3,182,7,14,1386,1539,284,12,9,4,1,1,0,0,442.87
523,0,2.6,1,1,0,14,0.1,155,8,2,304,1042,1427,9,1,9,0,1,0,0,508.29
1753,0,0.5,1,0,1,31,0.1,134,1,18,1590,1926,1324,17,0,17,1,0,1,2,527.63
1218,0,1.8,1,1,1,14,0.5,147,3,4,229,616,398,17,0,5,1,0,0,0,262.47
1537,1,2.5,0,4,1,43,0.3,137,1,5,839,1131,3685,18,17,17,1,1,1,3,663.44
786,0,2.2,1,0,0,33,0.5,141,7,6,507,1697,2390,12,11,5,1,0,1,2,605.08
1678,0,2.1,0,3,1,64,0.9,134,3,11,436,536,278,19,0,10,1,1,0,0,421.57
1814,0,1.4,1,1,1,9,0.4,141,2,2,756,786,3556,18,12,16,1,0,0,3,611.67
1101,0,1.8,0,0,0,31,0.2,148,2,7,387,1269,2196,12,6,19,0,1,1,1,479.16
1461,0,2.4,1,3,1,40,0.5,141,7,4,1265,1298,3799,16,1,4,1,0,0,3,829.3
1216,0,3.0,0,4,0,47,0.4,199,3,7,1852,1967,2268,13,5,4,0,1,1,2,672.81
506,0,1.6,0,6,1,41,0.8,159,1,7,875,1025,2965,13,10,15,1,0,0,2,636.9
843,1,0.5,0,1,1,56,0.1,147,5,17,140,800,2341,10,1,20,1,1,1,1,635.75
742,0,2.2,1,4,0,56,0.2,190,7,14,577,1359,3557,16,11,12,0,1,1,3,787.28
1692,1,2.1,0,3,1,61,0.9,176,6,12,975,1996,1354,16,7,19,1,0,0,1,559.04
1485,0,1.0,0,2,1,32,0.7,84,2,9,510,1013,2147,19,1,11,1,1,0,2,517.69
1547,0,2.9,1,6,0,45,0.7,166,2,8,583,590,505,12,2,3,0,1,1,0,402.22
1692,0,2.3,1,4,1,46,0.9,139,1,6,674,1925,1394,16,10,6,1,1,0,1,560.89
637,0,2.3,0,3,1,60,0.8,97,4,4,1125,1989,374,18,4,8,1,0,1,0,438.51
1224,0,0.5,0,16,1,6,0.4,109,6,18,747,826,506,10,0,11,1,1,1,0,411.01
1356,0,2.8,0,0,0,29,0.5,198,6,0,1612,1983,3702,17,0,19,0,0,0,3,712.9
1840,0,0.5,1,12,0,34,0.7,142,1,16,311,1545,1078,8,0,10,0,0,0,1,431.2
1481,1,0.7,1,4,1,37,0.6,96,5,13,116,1533,2945,10,5,16,1,1,1,2,654.47
961,1,1.5,1,10,0,51,0.3,152,6,16,554,621,2981,15,6,7,1,1,1,2,723.7
1296,0,0.9,1,0,1,14,0.5,124,5,3,811,1272,490,7,1,4,1,1,1,0,342.62
1193,0,0.9,0,11,0,26,0.5,166,1,20,730,1729,536,17,14,4,1,0,1,0,369.58
1441,0,2.1,1,11,1,3,0.1,118,8,17,577,1071,2317,16,4,7,1,0,1,2,696.22
517,0,1.4,1,3,1,33,0.8,183,4,8,660,974,3704,17,16,11,1,0,1,3,694.82
748,1,1.7,0,0,1,27,0.9,150,8,4,450,1554,2126,18,9,7,1,0,0,1,568.42
1126,1,2.4,0,2,1,10,0.4,160,6,3,1223,1611,2050,7,6,12,1,1,1,2,545.08
1572,0,0.6,0,0,1,58,0.2,157,7,8,1109,1937,2462,12,8,10,1,0,0,3,650.23
1569,0,2.8,1,17,0,44,0.3,110,4,20,45,1942,1260,9,2,17,1,0,0,1,598.38
1270,1,0.6,1,2,1,32,0.5,101,7,6,299,845,3770,5,3,13,1,1,0,3,693.39
1854,0,3.0,0,2,1,8,0.1,101,5,5,506,627,1886,17,4,20,1,1,0,1,524.74
625,1,1.2,1,5,1,10,0.2,183,4,8,635,842,3323,9,1,7,1,1,1,2,618.52
1577,0,0.5,1,0,1,42,0.3,197,5,4,1045,1737,2060,19,6,12,1,0,0,2,509.48
534,0,0.5,1,0,1,16,1.0,189,5,1,393,1199,3926,16,12,20,1,0,0,3,590.93
946,0,1.7,1,8,1,25,0.8,143,6,15,650,1740,2177,7,5,13,1,1,1,2,639.43
685,0,0.5,0,2,0,29,0.8,93,7,10,433,648,728,14,8,4,0,0,1,0,361.56
1949,0,1.3,1,0,0,23,0.1,101,5,1,839,1136,2478,14,8,20,1,0,0,3,531.04
947,0,0.8,1,0,1,22,0.1,197,2,13,1176,1220,2842,16,12,2,1,0,0,2,591.76
801,1,2.2,1,2,0,63,0.4,165,7,4,650,879,1617,17,4,19,0,0,1,1,592.17
703,1,2.7,0,12,1,30,0.3,113,1,20,218,1065,1472,14,7,7,1,0,0,0,558.38
1165,1,2.4,0,11,0,41,0.2,178,6,12,564,831,764,19,12,15,1,0,0,0,483.42
1082,0,0.8,0,0,0,38,0.1,198,8,5,986,1191,2337,6,1,17,0,1,1,2,532.86
959,1,2.6,1,15,0,20,1.0,84,4,19,561,1631,3965,16,1,6,1,0,0,3,877.45
1502,1,1.2,0,0,0,54,0.2,138,5,12,65,588,3693,17,14,16,1,1,0,3,776.66
1380,1,2.1,1,1,1,4,0.8,92,3,13,420,500,797,13,2,15,1,1,0,0,380.66
1266,0,0.5,0,0,1,5,0.1,95,6,9,1365,1698,1687,11,0,18,1,0,0,2,423.59
1934,1,2.6,1,0,1,46,0.1,103,1,17,619,1299,2940,13,9,2,1,1,1,3,679.0
1905,1,0.5,0,3,1,6,0.5,151,1,5,849,898,1545,9,5,10,1,1,0,1,358.94
1831,0,1.4,1,2,0,43,0.9,150,5,5,611,1381,3834,17,7,13,1,1,1,3,852.91
596,0,1.4,0,8,0,46,0.6,165,1,18,953,984,2505,15,4,15,1,1,0,1,679.27
1562,1,1.3,1,1,1,7,0.2,190,5,15,642,1533,2243,12,10,6,1,0,0,2,538.22
1490,1,0.5,1,4,1,64,0.3,150,8,8,1417,1464,3600,17,9,7,1,1,1,3,821.15
1523,1,2.4,0,5,1,57,0.2,117,2,6,247,539,3971,18,12,10,1,1,1,3,913.58
640,0,0.6,0,0,0,20,0.1,163,4,15,710,1179,2844,7,5,18,1,1,0,2,509.07
1526,0,2.1,0,1,1,23,0.2,117,7,8,718,751,2227,18,10,3,1,1,0,2,557.34
1989,0,2.5,1,0,1,41,0.8,94,3,13,1100,1497,1665,17,9,12,1,1,1,2,617.18
1308,0,1.9,0,0,1,61,0.7,106,3,7,59,1215,3355,15,2,4,1,0,1,3,740.25
609,0,0.5,0,3,0,26,0.3,93,4,4,938,1948,1866,11,10,14,1,1,1,1,435.0
1905,0,0.6,1,9,1,36,0.4,119,3,20,825,1542,1287,13,4,16,1,0,0,1,543.72
1703,1,0.5,0,0,1,22,0.6,192,1,0,286,1235,1046,5,4,13,1,0,1,0,352.17
1445,1,2.4,1,7,1,20,0.4,173,7,15,1273,1345,1441,7,4,13,1,1,1,1,643.5
1087,0,1.3,0,0,1,16,0.3,166,3,9,295,589,690,14,6,6,1,0,1,0,328.28
671,0,0.9,1,10,0,30,0.7,105,7,17,852,1182,2504,6,4,15,1,0,0,2,641.68
1472,1,2.3,0,6,0,61,0.1,168,6,19,710,1052,2677,19,15,8,1,0,0,2,677.24
765,0,0.5,1,0,1,47,0.3,115,8,1,1277,1429,2243,11,7,4,1,0,1,2,567.88
1642,0,0.5,1,16,1,8,0.3,171,6,17,129,873,2984,13,4,17,1,0,1,2,656.86
1265,0,1.5,0,7,0,49,0.7,182,5,16,690,836,1362,5,0,12,0,0,1,1,505.96
664,1,1.1,1,1,1,51,0.1,110,7,4,701,1478,3629,19,15,6,1,1,1,3,728.03
1277,1,0.5,1,0,1,35,0.4,142,6,6,309,1460,3559,18,17,6,1,1,0,3,677.59
1395,0,1.8,1,0,0,23,0.1,111,3,1,213,705,2571,11,0,13,1,0,1,2,549.82
1539,1,2.6,0,0,0,41,0.1,159,8,0,1112,1666,2107,15,9,10,1,0,1,2,566.48
1049,1,2.2,0,9,0,63,0.5,135,5,17,199,1077,1022,11,3,13,0,0,0,0,551.16
1827,0,1.7,0,4,1,39,0.5,128,5,16,55,1020,2844,14,9,10,1,1,0,2,693.39
903,0,1.0,1,0,1,50,0.4,91,1,0,1230,1235,711,9,5,10,1,1,0,0,357.94
1987,1,0.5,0,3,1,53,1.0,181,3,7,1052,1516,3117,18,5,8,1,1,1,3,778.26
1154,0,1.2,1,0,1,49,0.2,181,8,2,541,1499,978,5,3,7,1,0,1,0,483.98
1336,0,0.9,0,5,1,17,0.2,194,5,9,55,583,1869,13,1,16,1,1,1,1,536.72
1886,0,0.5,0,0,1,24,0.4,112,3,1,809,1958,1179,16,7,20,1,0,1,1,389.97
1551,0,1.1,0,4,0,51,0.1,88,5,6,1738,1995,3844,11,8,4,0,1,0,3,758.52
850,1,1.6,1,6,1,29,0.5,133,5,19,404,642,593,19,17,10,1,0,1,0,438.76
660,0,0.5,0,5,1,40,0.5,111,2,10,262,1178,588,6,5,18,1,1,1,0,378.98
1225,1,2.1,1,8,0,13,0.5,116,4,12,759,1404,3836,12,11,11,0,0,0,3,734.49
1452,1,0.5,1,1,1,25,0.9,123,6,11,42,1040,2669,12,10,13,1,0,0,2,552.21
1686,1,2.8,1,3,0,38,0.1,166,4,4,397,1453,2958,14,11,2,0,0,0,3,665.52
1634,1,1.4,0,1,1,17,0.2,200,2,5,964,1677,3031,11,6,6,1,1,1,3,618.36
1708,1,2.4,1,18,1,49,0.1,109,1,19,233,517,3388,6,4,16,1,1,1,3,999.37
1151,1,2.9,1,0,0,31,0.6,128,8,1,1022,1560,2377,18,8,13,0,1,0,2,691.47
1578,0,1.9,1,2,1,37,0.1,138,4,19,411,1226,2458,19,16,3,1,0,1,2,650.86
1689,0,1.8,0,17,0,24,0.3,127,3,18,954,1200,2766,7,2,7,0,1,1,3,685.09
1488,0,0.5,0,1,0,39,0.8,112,5,6,1528,1647,3054,14,10,19,0,0,0,3,574.12
1313,1,1.8,1,4,0,9,0.4,105,1,6,416,1308,3791,11,10,6,0,1,1,3,619.64
1715,0,1.0,1,4,1,31,0.5,83,8,17,638,1615,625,17,6,13,1,0,0,0,464.14
1442,0,1.0,1,0,0,27,0.1,192,3,19,231,687,2227,6,5,20,1,1,0,1,579.39
528,0,1.7,0,12,1,6,0.8,142,2,15,574,637,3256,9,8,6,1,1,0,2,611.01
1523,1,1.8,0,6,1,11,0.1,129,1,8,148,1606,707,19,8,19,1,1,0,0,310.16
1133,0,1.4,0,3,0,42,0.1,199,5,12,730,1543,1457,18,12,20,1,0,1,1,441.32
1718,1,2.5,1,14,1,6,0.1,183,5,16,564,980,3755,7,1,8,1,1,1,3,817.47
1330,0,0.5,0,0,0,38,1.0,183,7,1,1290,1441,1733,9,0,11,1,0,1,1,428.57
1799,1,0.5,0,0,0,49,0.4,107,4,2,632,1383,720,12,2,11,1,1,1,0,356.79
633,1,2.2,0,0,1,49,0.1,139,8,1,529,1009,3560,11,1,16,1,1,1,2,740.9
724,0,2.7,1,0,0,44,0.5,187,7,0,1273,1754,2311,7,6,7,1,0,0,2,604.19
822,1,0.5,0,0,1,51,0.3,157,6,20,667,860,3846,10,1,3,1,0,0,3,721.98
1918,0,1.9,0,2,0,10,0.6,110,5,10,1170,1543,1717,7,1,16,1,1,1,2,440.88
1891,0,2.8,0,7,1,37,0.4,129,7,14,169,1108,3704,8,6,11,1,0,0,3,1001.7
1373,1,1.0,1,2,0,50,0.2,127,7,12,105,673,3800,8,3,14,1,0,0,3,721.74
862,1,0.8,1,3,0,23,0.4,165,2,15,793,1758,278,16,3,11,0,0,1,0,282.55
1273,0,1.0,0,3,1,48,0.4,99,4,15,490,886,1767,18,15,11,1,1,0,1,630.98
957,1,2.5,0,4,0,7,0.8,107,5,10,1201,1485,1846,12,5,7,1,0,1,1,578.35
1617,1,1.3,1,3,1,30,0.7,105,2,4,246,1038,829,9,0,10,1,0,0,0,348.98
893,0,2.5,1,0,0,55,0.6,183,2,1,417,946,2986,7,1,6,0,1,1,2,622.42
1210,0,0.5,0,0,0,63,0.1,93,5,0,1177,1462,2394,17,9,7,0,0,0,2,579.37
708,1,2.7,1,0,1,63,1.0,195,8,7,78,654,2169,6,5,7,1,1,1,1,792.02
835,0,1.1,1,2,0,7,0.2,101,4,7,323,1604,1181,13,5,15,1,1,1,0,314.28
1450,1,2.7,1,9,0,19,0.6,131,1,17,707,1882,575,15,9,12,0,0,0,0,362.36
973,1,1.5,0,5,1,57,0.2,190,7,16,457,1816,2977,6,4,2,1,0,0,2,811.21
601,1,1.4,0,4,1,4,0.1,154,4,13,356,765,532,12,8,10,1,1,1,0,315.46
507,1,0.5,1,1,0,32,0.5,141,7,11,936,1398,1702,17,0,5,1,1,1,1,453.28
564,0,1.8,1,0,1,51,0.5,168,3,1,912,1980,1074,14,8,15,1,1,0,0,429.23
1559,1,1.6,1,6,1,6,0.5,162,6,17,179,1559,3352,9,1,3,1,1,1,3,667.45
754,0,0.5,1,7,1,59,0.7,178,7,10,1914,1928,1027,6,3,5,1,0,0,1,520.93
728,0,2.7,1,0,0,25,0.2,88,4,1,526,1529,2039,5,1,12,1,1,1,1,475.7
1431,1,0.5,0,0,1,56,0.6,191,1,1,156,952,461,7,3,8,1,0,0,0,350.07
767,0,1.5,0,4,0,28,0.7,175,4,10,344,1517,527,10,0,15,0,1,0,0,306.06
1722,0,2.6,0,8,0,18,0.8,177,2,16,865,1741,3271,14,0,15,1,0,1,3,716.68
1992,1,1.6,0,5,1,57,1.0,100,2,15,1552,1596,606,9,3,4,1,1,1,1,547.92
1876,0,0.5,0,10,1,40,0.3,86,6,14,546,1564,2513,10,8,16,1,1,0,3,677.91
1054,0,1.1,1,10,1,38,0.4,136,6,12,1097,1222,1675,18,4,14,1,1,1,1,601.0
1283,1,1.6,1,4,0,47,0.9,93,5,5,372,692,2698,9,6,17,1,1,0,2,631.34
1281,1,2.3,1,0,0,28,0.3,148,1,6,1285,1617,1129,12,1,6,0,1,0,1,370.85
1066,0,0.6,0,2,1,7,0.9,114,7,18,1242,1571,468,19,13,6,1,1,0,0,313.83
730,0,2.1,1,0,1,4,0.1,89,8,2,302,1247,1210,19,15,4,1,1,1,0,412.17
1053,1,0.8,1,7,1,45,0.3,103,1,12,594,1767,3086,17,6,5,1,1,1,3,714.39
1611,1,0.5,1,11,0,3,0.6,98,3,14,303,714,1595,8,4,9,1,0,1,1,499.69
793,0,1.0,1,5,1,30,0.9,133,2,15,1858,1935,2332,17,13,14,1,1,1,2,683.49
1220,0,2.9,0,3,0,62,0.5,125,4,8,403,1933,2589,19,11,15,1,1,1,2,710.38
1662,0,0.5,0,0,1,61,0.8,126,4,13,32,1509,3760,9,5,13,1,1,1,3,781.34
1281,1,2.8,1,3,1,8,0.3,144,4,19,590,954,1851,8,2,9,1,1,0,1,507.31
538,0,0.8,0,12,1,2,0.8,177,7,13,235,662,417,8,4,9,1,0,1,0,343.12
823,1,0.5,0,0,0,39,0.4,187,8,4,630,888,294,13,9,11,0,0,1,0,285.76
1733,1,2.8,0,3,1,36,1.0,119,6,20,357,527,3576,17,16,9,1,0,0,3,875.99
1429,0,1.5,1,0,1,40,0.9,100,3,14,246,820,3945,11,7,18,1,0,1,3,728.02
1839,1,1.2,0,9,1,54,0.5,200,7,11,475,1493,927,19,10,18,1,0,1,1,585.35
659,0,2.7,0,6,1,6,0.5,110,3,7,1054,1929,2044,15,5,2,1,0,1,1,517.89
1953,1,2.1,1,7,0,56,0.1,158,8,9,555,764,2334,11,5,4,1,0,0,2,668.77
1172,0,1.9,0,0,1,27,0.7,164,1,3,607,1092,1477,12,0,6,1,0,0,1,389.66
612,1,1.9,1,6,0,16,0.3,102,7,7,1360,1891,3161,8,4,3,0,0,0,3,664.02
1563,0,2.4,0,0,1,24,0.2,170,8,0,142,1699,3660,7,5,5,1,1,0,3,745.14
1191,0,1.3,1,16,1,26,0.8,84,1,20,681,683,1604,14,3,9,1,0,1,1,561.51
615,1,0.5,1,0,0,42,0.6,163,6,4,104,1664,2211,7,4,18,0,0,1,1,500.33
1893,1,2.1,1,8,0,63,0.2,134,2,11,637,763,3822,14,3,18,0,1,1,3,842.15
1563,0,1.7,1,10,0,16,0.1,151,7,13,410,572,3922,11,1,8,0,0,1,3,802.17
1995,1,1.9,0,6,0,9,0.8,139,6,18,1830,1963,1203,14,12,18,1,1,1,2,548.03
1517,0,0.5,0,6,1,48,0.6,143,5,14,802,1489,2822,15,5,11,1,1,1,3,613.62
832,0,1.6,1,1,1,34,0.3,108,5,5,311,1294,447,15,13,12,1,1,0,0,342.09
1162,0,2.0,0,0,1,56,0.7,114,7,1,56,997,1652,5,0,20,1,0,0,1,560.1
1595,1,2.6,0,7,0,12,0.3,121,8,19,344,655,3608,15,1,16,0,1,0,3,804.38
1329,1,1.0,0,1,0,52,0.9,181,6,2,1053,1458,1228,8,6,6,1,0,1,1,445.2
928,1,0.5,1,11,0,56,0.7,80,8,13,221,1243,666,19,10,5,0,1,0,0,402.8
1656,1,0.5,1,8,1,38,0.1,105,7,17,506,519,1499,12,8,19,1,0,1,1,580.81
1937,1,1.7,0,17,0,58,0.6,189,1,19,1728,1767,3321,5,4,14,1,1,0,3,934.79
977,1,1.1,1,2,0,57,0.6,181,6,7,63,566,1206,7,1,8,0,1,1,0,436.84
768,1,0.9,0,16,1,56,0.1,113,1,20,418,515,952,19,3,16,1,0,1,0,575.96
1464,1,0.5,1,11,0,12,0.9,117,2,14,854,1168,3927,5,3,15,0,1,1,3,718.4
1177,0,0.9,0,1,1,29,0.4,191,2,8,178,882,311,18,5,19,1,0,0,0,290.57
1348,0,2.0,0,18,0,52,0.3,98,3,20,1869,1942,955,18,11,7,1,1,1,1,556.1
1956,0,2.2,0,0,1,37,0.5,87,3,2,185,776,1109,13,1,19,1,1,0,1,418.37
1751,0,0.5,1,6,0,8,0.6,178,6,20,170,564,2969,8,6,17,0,0,1,2,678.86
1530,0,2.0,0,11,0,42,0.8,177,6,13,454,1975,725,11,10,19,0,0,1,0,512.86
1997,1,1.8,1,1,0,40,0.5,185,4,8,866,1212,1655,7,6,15,1,0,0,2,572.22
1414,1,1.5,1,5,0,44,0.5,180,2,6,44,1118,3490,16,12,13,0,1,0,3,743.58
1707,0,1.4,0,0,0,41,0.8,80,7,2,1331,1388,1774,12,0,10,0,0,0,2,521.04
894,0,0.5,1,1,1,50,0.5,199,3,14,1285,1462,3615,13,0,6,1,0,1,3,869.74
645,0,1.2,0,6,1,41,0.7,184,8,17,741,1130,714,18,2,13,1,1,0,0,478.06
1163,0,2.8,1,0,0,49,0.6,155,2,0,520,754,2768,19,2,12,0,0,1,2,633.85
1126,0,0.7,0,3,0,49,0.9,165,8,17,114,1726,3739,14,1,13,1,0,0,3,757.14
1648,0,0.7,0,6,1,64,0.8,170,4,9,1153,1876,610,8,1,6,1,1,0,1,484.35
1170,1,0.9,0,6,1,14,0.4,199,2,13,474,709,715,18,5,20,1,0,1,0,343.03
508,0,0.8,0,7,1,42,0.3,94,1,8,39,557,663,13,12,7,1,0,0,0,385.95
1097,0,2.1,1,6,0,64,0.2,161,3,8,419,1914,1725,14,5,9,1,0,1,1,547.22
728,0,1.7,1,0,1,5,0.6,101,2,20,584,775,834,16,0,5,1,1,0,0,361.24
1980,0,0.5,1,2,1,29,0.8,177,1,13,312,1910,3865,12,10,18,1,0,0,3,747.63
1504,0,2.3,1,1,0,64,0.9,182,1,2,19,1923,3059,6,5,10,0,1,0,3,708.13
1379,1,2.1,1,14,1,63,1.0,83,1,17,207,1370,651,9,6,7,1,1,0,0,555.13
1698,0,2.1,0,5,1,18,0.9,160,6,20,363,994,796,13,3,14,1,0,1,0,539.3
920,0,2.1,1,5,0,25,0.4,115,7,14,209,1078,785,10,7,5,0,1,1,0,457.77
1144,1,1.5,1,0,0,21,0.4,189,1,11,159,724,3252,16,0,8,0,0,0,2,536.21
1995,1,0.5,0,6,0,26,0.2,129,1,15,649,1104,1322,15,11,7,0,1,1,1,451.03
1430,0,0.5,1,1,0,27,0.5,183,1,16,1132,1182,2832,7,1,15,0,1,1,2,570.03
972,1,0.5,1,5,0,13,0.4,193,5,8,1392,1795,1615,11,6,13,0,1,0,1,400.62
662,0,0.5,0,5,0,20,0.8,138,1,10,1001,1224,2125,17,15,15,0,1,1,1,514.05
1867,0,2.3,0,0,1,9,0.1,191,6,3,712,1442,990,6,1,2,1,0,1,1,424.87
1730,0,2.0,1,0,1,20,0.1,143,4,10,418,1023,1595,14,0,12,1,1,0,1,466.62
1723,1,1.0,0,1,1,7,0.6,126,3,17,384,1361,1213,5,0,16,1,1,1,1,393.53
1882,1,1.3,1,8,0,47,0.2,140,2,13,119,652,2500,17,1,11,0,0,1,2,657.03
803,0,0.8,1,0,0,18,0.3,106,4,1,627,935,2801,18,15,12,0,1,0,2,457.62
580,1,1.2,1,0,0,47,0.9,91,3,1,1086,1345,3451,15,1,11,1,1,0,3,621.34
668,0,2.3,0,2,1,48,0.3,114,1,19,195,1292,1201,14,12,4,1,1,0,0,491.59
1391,0,1.4,0,2,1,36,0.8,182,1,6,14,1256,3139,14,7,14,1,1,0,2,678.96
1560,0,2.3,0,0,1,22,0.8,169,7,1,745,1364,1938,15,11,16,1,1,1,2,568.21
821,0,1.8,1,5,0,54,0.1,109,3,9,253,1786,3185,8,4,15,1,0,0,2,607.49
811,1,2.4,1,5,1,2,0.3,106,6,13,333,1429,2111,18,7,2,1,0,1,1,569.36
1989,1,2.9,1,8,0,17,0.1,193,8,15,629,682,2369,7,0,18,1,1,0,2,689.37
1034,1,2.7,1,6,0,37,0.7,120,7,20,707,1199,3625,17,1,12,0,1,1,3,881.8
618,0,2.1,0,2,0,6,0.3,86,1,4,1314,1688,1051,13,10,15,0,0,1,0,319.51
654,1,1.3,0,0,1,52,0.7,196,4,4,1715,1898,1036,17,4,13,1,0,0,1,397.17
576,1,2.8,0,2,1,10,0.2,184,5,7,513,1438,2938,6,0,5,1,1,1,2,598.71
667,1,0.6,0,6,1,3,0.7,185,6,13,13,1463,2855,5,0,19,1,0,1,2,588.21
869,1,1.0,0,7,1,57,0.6,118,1,15,1243,1584,2727,13,3,8,1,0,0,2,637.5
635,1,0.5,1,2,0,42,0.4,149,3,4,300,1059,2973,12,5,18,0,0,1,2,647.39
609,1,3.0,0,15,1,44,0.3,117,1,16,58,1253,2581,15,11,15,1,0,1,1,703.8
1557,0,2.8,1,16,0,2,0.1,123,5,20,1107,1442,2690,18,16,9,0,0,1,3,733.76
1604,1,1.7,0,2,0,33,1.0,191,8,5,134,939,916,13,10,12,0,1,1,0,412.15
1182,0,0.5,0,7,1,8,0.5,138,8,16,275,986,2563,19,17,19,1,0,0,2,597.8
848,1,2.1,1,10,1,19,0.8,148,7,18,176,1029,3359,10,0,14,1,0,0,2,824.96
1610,1,2.9,0,7,1,64,0.9,181,4,12,1236,1280,941,8,4,9,1,1,0,1,591.34
1828,1,2.1,1,0,0,17,0.9,199,1,1,336,898,2280,17,14,4,0,0,0,2,457.45
880,0,2.0,1,1,1,50,0.5,194,7,3,1116,1381,827,15,9,6,1,0,1,0,495.69
1394,1,0.9,1,10,1,62,0.3,175,5,13,1010,1565,473,11,1,20,1,1,0,0,476.49
1960,1,2.3,1,1,1,61,0.3,86,7,3,205,1299,3865,10,7,11,1,0,0,3,875.16
809,0,0.8,0,10,0,21,0.9,91,7,19,1453,1726,1274,18,7,3,0,0,0,1,461.61
899,0,0.5,1,13,1,57,0.9,172,2,18,788,1331,364,11,1,7,1,1,0,0,479.63
1976,1,0.7,1,4,0,32,0.8,171,2,7,1301,1922,3699,17,11,13,0,1,1,3,777.76
879,0,1.5,1,0,1,21,0.8,187,4,2,463,1038,2927,14,13,11,1,0,1,2,550.67
916,1,2.6,0,0,0,36,0.3,195,4,12,188,992,1470,13,0,14,0,1,0,0,461.32
763,0,1.7,1,8,1,2,0.5,92,8,14,1028,1186,1050,6,4,8,1,1,0,0,480.94
508,0,1.6,1,0,0,9,0.4,162,6,2,1419,1920,2616,18,8,10,1,1,1,2,495.13
825,0,2.9,1,0,0,34,0.8,99,8,17,1471,1866,2915,8,2,10,1,1,0,3,720.01
1864,0,1.4,0,8,1,46,0.7,178,1,12,168,981,2686,11,7,18,1,1,1,2,696.87
1725,0,0.5,1,8,1,52,1.0,185,6,12,1125,1195,1243,19,18,5,1,1,1,1,594.72
1108,1,2.9,0,10,0,52,0.1,183,2,12,130,1706,3264,16,1,13,0,1,1,3,748.73
1011,0,1.1,0,4,1,36,0.2,131,7,18,481,749,2261,7,6,16,1,1,1,1,688.95
1703,1,1.5,1,17,1,55,0.7,138,5,19,1411,1711,2993,5,1,20,1,1,1,3,924.98
1067,1,1.7,1,0,0,58,0.5,135,7,0,79,681,706,12,9,16,0,1,0,0,426.97
1334,1,2.4,0,5,1,42,0.6,115,5,14,1187,1974,2542,10,1,8,1,0,0,3,735.84
775,1,2.6,0,0,0,30,0.4,189,7,10,561,1510,2523,17,16,9,1,0,1,2,719.9
1899,1,0.6,0,0,0,26,0.1,151,2,0,96,814,336,13,11,4,1,0,1,0,243.18
930,1,1.3,1,1,1,14,0.4,97,6,10,77,1025,2457,11,7,17,1,1,0,1,483.84
1058,0,1.5,0,2,0,19,0.4,166,4,14,493,1247,418,9,7,16,0,0,1,0,345.24
1187,1,2.2,0,0,1,46,0.4,145,2,9,1173,1814,3917,13,11,8,1,0,1,3,779.44
1874,1,2.7,1,10,0,8,0.9,166,7,13,964,1233,1246,8,1,2,0,0,1,1,530.62
1482,0,0.5,0,2,0,48,0.2,142,7,10,634,642,2971,12,8,12,1,1,1,2,715.46
1809,1,1.7,0,3,1,59,0.1,174,3,4,639,721,2324,10,6,16,1,0,1,2,590.0
864,1,3.0,1,0,1,54,0.7,187,2,1,127,1670,3121,18,2,16,1,1,1,2,637.81
625,1,1.9,0,12,1,33,0.2,191,1,20,431,550,3801,10,6,2,1,0,0,2,712.94
1880,1,1.8,0,4,1,18,0.7,138,3,5,71,699,3333,17,15,7,1,0,0,3,621.84
1138,0,1.4,0,12,1,44,0.2,187,8,17,111,1138,3475,19,3,3,1,0,0,3,855.71
560,0,0.5,0,14,0,23,1.0,146,8,15,356,1903,2360,17,16,18,0,1,1,1,593.96
1117,0,0.5,0,1,0,12,0.6,144,7,8,798,817,2895,7,6,16,1,1,0,2,531.7
1712,0,1.4,0,1,0,63,0.5,137,7,12,747,1126,3652,16,1,19,1,0,0,3,750.56
1836,1,1.7,1,3,0,26,0.1,134,6,16,408,1139,3097,5,0,18,0,1,0,3,604.6
1036,1,2.4,0,0,0,39,0.2,119,7,3,373,926,2101,10,7,2,0,1,0,1,552.75
1860,1,2.3,0,15,0,23,0.6,162,4,16,1362,1506,3918,9,2,8,0,1,0,3,808.86
1375,1,1.1,0,3,1,9,0.9,145,7,19,475,726,3869,19,18,10,1,1,1,3,782.92
1945,0,1.6,1,0,1,57,0.3,195,4,1,743,1753,732,14,1,14,1,1,0,1,470.77
1896,0,0.5,1,8,1,7,0.4,141,2,13,447,794,3684,9,7,18,1,0,0,3,707.33
788,0,2.5,1,4,1,57,0.9,91,8,12,42,1161,3969,12,8,6,1,1,1,3,979.64
880,1,1.7,1,0,0,33,0.7,173,2,2,30,1350,1414,12,1,7,1,1,0,0,379.19
1323,1,2.5,1,10,1,28,0.2,131,4,12,162,619,1892,10,0,15,1,1,1,1,622.97
1868,0,2.0,1,0,1,42,0.2,169,1,4,347,660,3131,8,3,7,1,1,1,3,648.39
1266,0,1.9,1,0,1,7,0.2,184,3,12,346,1468,2532,10,5,4,1,1,1,2,551.07
1042,0,2.7,1,16,1,50,0.8,93,7,18,727,1705,3215,18,0,20,1,1,1,3,930.5
1479,0,0.5,0,8,0,19,0.6,156,3,10,180,1476,3323,13,12,6,1,0,1,3,670.38
1476,1,1.2,1,0,1,55,0.1,171,4,5,1641,1666,1529,13,8,3,1,0,1,2,547.17
1552,1,2.2,0,6,1,13,0.2,123,6,9,269,1026,2403,9,2,9,1,1,1,2,631.09
1454,1,0.5,1,1,0,34,0.7,83,4,3,250,1033,3419,7,5,5,1,1,0,3,616.67
1007,0,2.0,0,0,0,45,0.1,95,5,2,1186,1529,3648,9,0,16,0,0,0,3,708.25
652,1,2.4,1,9,1,17,0.7,173,5,11,77,559,1974,12,10,12,1,0,0,0,580.38
1504,0,1.5,0,12,1,34,0.7,142,8,15,507,973,2806,7,2,7,1,0,1,2,671.27
1726,1,0.9,1,2,0,51,0.6,193,4,3,379,1223,2239,13,9,13,1,0,1,2,531.13
1029,1,1.9,1,5,1,5,0.2,171,5,8,264,956,582,15,7,4,1,1,1,0,315.57
1582,0,2.8,0,2,1,44,0.5,112,6,13,1486,1797,3890,17,10,10,1,1,1,3,790.85
1478,1,0.8,1,12,0,48,0.7,99,5,17,694,882,1141,5,2,6,0,0,1,1,515.85
1178,1,1.3,0,0,0,49,0.6,101,5,0,579,596,2511,6,3,17,0,0,0,2,579.43
707,0,2.1,1,2,0,25,0.8,131,3,17,495,574,3838,9,2,7,1,0,1,3,720.6
755,1,2.8,0,5,1,51,0.3,186,4,12,315,990,2734,10,1,16,1,0,1,2,729.99
912,1,2.0,0,1,0,54,0.3,161,8,5,329,1053,2330,19,5,20,0,1,0,1,662.27
651,1,0.8,1,2,1,63,0.2,176,5,4,548,858,2244,14,9,19,1,1,0,1,650.07
1483,0,2.1,0,1,1,54,0.2,176,7,2,531,758,1851,15,13,2,1,1,0,1,595.11
914,1,0.9,0,2,0,4,0.8,100,2,12,191,1495,808,11,7,5,1,1,0,0,285.46
1456,1,0.5,1,7,0,7,0.4,105,5,12,823,1104,1587,6,5,20,1,0,1,1,435.67
1178,0,2.2,1,6,0,57,0.3,84,3,17,96,1352,2492,16,14,10,1,1,0,2,644.41
1503,1,0.7,0,10,1,43,0.2,166,4,14,841,1304,2122,15,1,2,1,0,0,2,602.61
1681,1,2.5,0,2,0,11,0.4,158,2,13,195,1205,1122,12,6,16,0,1,1,0,346.24
715,0,2.3,1,4,0,48,0.1,160,4,6,21,562,3709,14,2,10,0,0,0,2,701.7
1876,0,2.8,1,3,1,56,0.4,182,3,4,235,585,3021,12,2,18,1,0,0,2,719.84
1190,1,2.2,1,9,0,47,0.3,186,6,10,1417,1441,624,9,3,19,1,1,1,0,518.48
1755,1,1.3,0,0,1,24,0.1,134,7,2,286,1075,3937,8,1,7,1,0,1,3,824.79
1197,0,1.3,0,3,1,20,0.5,149,6,7,649,1629,1797,19,5,4,1,1,1,1,463.83
1048,1,0.9,0,10,1,28,0.8,194,2,19,966,1975,1458,5,1,15,1,0,1,1,546.31
1887,1,3.0,1,6,1,17,0.2,126,8,7,1172,1798,3348,18,16,16,1,1,0,3,761.45
1772,1,0.5,1,3,0,64,0.7,116,8,15,270,545,1834,5,2,20,0,1,1,1,634.35
1421,0,2.8,0,0,1,57,0.4,165,1,2,781,1657,2775,13,8,14,1,0,1,3,652.94
1464,0,0.5,1,0,1,17,0.7,153,6,8,418,1341,1277,13,6,19,1,0,0,1,355.86
728,0,2.3,1,4,0,23,0.8,111,4,5,126,817,457,17,10,16,1,1,1,0,331.17
954,1,0.5,0,0,0,50,0.3,134,2,11,228,1058,438,17,0,2,1,0,0,0,312.07
685,0,0.5,1,8,1,13,0.8,82,7,15,1091,1203,3210,15,7,2,1,1,1,3,652.97
1472,0,2.8,1,1,0,36,0.5,130,6,10,1452,1744,985,12,11,7,1,1,0,1,462.69
853,1,2.0,0,10,1,3,0.6,200,2,16,674,740,3701,15,8,8,1,1,0,3,665.55
1469,0,2.1,0,0,0,8,0.7,123,7,0,398,1133,1052,8,1,3,0,1,0,0,347.36
1310,1,2.3,1,6,0,57,0.9,135,8,9,449,889,1175,16,0,8,0,0,0,0,563.58
1654,0,1.8,0,1,0,11,0.3,146,7,2,1184,1719,1070,8,1,14,1,1,1,1,392.49
902,1,0.7,0,3,0,3,0.3,134,7,9,675,1285,3411,12,11,15,0,0,1,3,603.56
1448,0,1.4,1,13,0,26,1.0,156,3,16,1792,1850,1175,12,9,6,0,1,0,1,537.25
1631,0,0.9,1,2,1,3,0.1,198,7,12,177,1905,301,13,5,13,1,0,0,0,290.28
1608,0,1.8,1,7,0,28,0.4,183,2,13,1013,1158,489,15,11,8,0,0,1,0,347.42
1991,1,2.7,0,5,1,64,0.9,145,2,13,1058,1325,1733,5,3,8,1,1,0,2,684.93
1349,0,2.0,1,15,0,62,0.3,114,5,16,592,772,2756,11,3,4,1,0,0,2,767.95
1589,0,2.5,0,5,1,51,0.8,195,1,18,810,1743,2612,8,2,16,1,0,0,2,749.88
1844,1,2.3,1,1,0,51,0.7,158,8,3,533,882,1724,5,1,14,0,1,1,1,617.11
712,1,0.5,1,3,1,35,0.2,84,2,10,558,1208,2190,16,12,4,1,1,1,1,547.23
972,1,1.7,0,0,1,54,0.7,107,3,4,681,1050,1900,16,8,19,1,0,1,1,564.3
1406,0,0.5,1,2,1,34,0.8,98,3,5,1017,1366,3915,9,8,2,1,0,1,3,846.62
1289,0,0.9,0,10,1,25,1.0,178,6,12,765,899,1043,6,2,11,1,1,0,0,510.05
932,0,1.3,0,1,0,64,0.7,154,7,2,1176,1224,3817,8,7,9,1,1,1,3,793.2
1747,1,0.9,0,6,1,48,0.7,94,3,19,947,1131,2362,17,2,19,1,1,0,2,682.28
1172,1,2.1,1,4,0,41,0.1,95,3,7,1314,1884,1107,7,3,5,0,0,0,1,477.69
1128,1,1.4,0,12,0,53,0.4,84,5,14,609,1370,2982,14,9,12,1,1,0,3,697.79
664,0,1.2,1,0,0,28,0.9,106,5,5,754,1497,2042,17,15,19,1,1,0,1,475.24
513,1,0.5,0,6,1,44,0.1,186,4,12,619,867,1343,5,1,9,1,1,0,0,471.47
1742,0,2.3,1,9,1,43,0.4,170,7,12,453,681,2610,12,3,10,1,0,1,2,786.77
1512,1,1.7,0,12,0,6,0.7,162,7,17,205,884,2335,15,7,7,1,1,1,2,570.26
1986,0,0.5,1,3,1,51,0.1,165,8,20,282,1358,1614,17,12,3,1,1,1,1,565.62
965,1,1.5,1,5,0,13,1.0,109,2,14,130,998,1138,9,8,10,0,1,0,0,320.3
1067,1,2.4,1,3,1,40,0.6,122,8,15,494,1989,604,16,14,11,1,0,0,0,477.95
1583,1,1.6,0,5,1,42,0.8,118,3,10,275,862,3652,14,10,9,1,0,0,3,745.05
1653,0,0.5,1,2,1,37,0.9,176,4,6,447,1785,3955,19,4,18,1,1,1,3,760.69
1433,0,1.6,0,7,0,4,0.7,133,8,11,281,799,258,11,9,4,1,1,1,0,351.25
765,0,2.9,0,0,1,18,0.1,153,7,0,6,793,1066,11,1,16,1,1,0,0,437.26
1845,1,0.5,1,10,0,61,0.3,96,1,12,292,695,1731,9,5,6,0,0,0,1,547.89
752,0,0.5,1,1,0,48,0.7,87,7,13,164,728,3860,7,5,16,0,0,0,3,757.9
1948,0,2.8,1,8,0,16,0.1,100,5,10,631,1940,3630,9,7,17,0,1,0,3,741.01
1077,0,2.5,1,0,1,45,1.0,174,3,4,897,1304,1965,6,2,6,1,1,0,1,544.41
932,1,0.5,0,1,1,60,0.7,104,4,2,268,1078,1459,6,1,19,1,1,0,0,479.54
1968,0,0.9,0,0,0,22,0.8,115,3,7,861,1259,2323,9,8,7,0,0,1,2,534.31
1122,0,1.2,0,9,0,2,0.6,120,4,14,331,790,3291,11,2,13,1,1,1,2,607.84
1588,0,0.5,0,0,1,61,0.8,159,1,13,1064,1594,3272,18,0,17,1,1,0,3,801.65
601,0,2.1,0,4,0,26,0.3,101,4,18,509,548,918,9,1,12,0,0,0,0,370.51
1615,0,0.5,0,14,0,15,0.1,132,4,16,622,1256,3488,16,2,3,0,0,1,3,709.65
1589,1,2.2,1,2,0,58,0.1,128,4,4,957,1911,3961,16,14,14,1,0,1,3,976.15
1417,1,2.7,0,2,1,56,0.9,114,6,4,494,1649,590,11,3,6,1,0,1,0,503.2
1697,1,0.7,0,1,1,34,0.1,95,1,3,236,1264,3701,15,9,8,1,1,0,3,745.32
1330,1,1.3,1,14,0,3,0.3,83,5,17,980,1262,463,14,6,11,0,0,1,0,369.54
1476,0,0.5,0,0,1,43,0.7,148,2,2,1789,1972,3644,15,10,6,1,0,1,3,760.88
1579,1,1.5,0,0,0,27,0.2,142,6,18,831,1484,1713,16,4,10,1,1,1,1,529.69
1277,0,3.0,0,0,1,41,0.3,200,4,3,902,1090,429,9,4,14,1,1,1,0,394.62
1089,1,0.9,1,12,1,2,0.7,145,5,15,636,1259,2765,13,12,10,1,0,1,2,595.73
1663,1,2.5,1,13,1,27,0.3,169,4,14,831,1439,2084,7,1,18,1,0,0,2,667.11
1949,0,1.8,0,0,0,20,0.8,186,5,4,518,592,1125,17,10,9,0,0,0,1,355.1
1138,0,1.1,0,5,1,48,0.6,109,3,14,233,1777,2048,6,0,18,1,1,1,2,632.98
685,0,2.7,0,7,0,17,0.3,174,6,20,725,870,1223,8,0,18,1,0,1,0,530.76
1889,0,2.8,0,5,1,31,1.0,132,1,10,170,1106,3672,5,1,3,1,1,1,3,767.93
857,1,2.0,1,3,0,17,0.2,195,7,9,157,948,3100,17,5,13,1,1,0,2,621.53
1902,0,2.8,1,6,0,50,0.8,124,8,9,1142,1393,343,11,8,18,0,1,0,0,523.89
1225,1,2.4,0,0,0,15,0.1,155,5,0,840,982,1970,16,8,15,1,1,0,1,434.43
1066,0,1.6,0,5,0,39,0.6,131,5,17,401,1586,2728,6,0,17,1,1,1,2,707.48
1554,1,0.5,1,11,0,5,1.0,124,3,12,395,1579,3635,7,4,18,0,0,0,3,590.85
1337,0,0.5,0,13,0,31,0.8,186,2,20,48,644,2180,7,4,16,1,0,1,1,579.53
1926,1,1.7,1,1,1,33,0.4,172,3,2,982,1157,2488,6,1,14,1,0,0,2,522.92
869,0,1.3,1,3,0,34,0.1,104,2,4,478,539,3864,13,3,11,1,0,0,3,618.37
1278,1,0.5,1,1,0,54,0.1,104,8,16,581,750,1155,7,1,20,0,0,1,0,538.65
1773,1,2.5,0,16,1,32,0.6,170,6,18,1215,1472,3566,17,6,13,1,0,1,3,957.22
1661,1,0.8,1,1,1,6,1.0,109,7,2,594,1337,864,9,8,2,1,0,1,1,324.61
1438,0,2.2,0,0,1,32,0.6,176,7,6,683,1663,869,19,13,9,1,1,1,0,425.13
1661,1,1.4,0,0,0,29,0.3,119,2,0,536,861,591,9,2,9,1,1,1,0,242.42
1846,1,0.6,0,1,0,19,0.7,159,1,2,83,773,1333,15,6,11,0,1,1,1,338.69
1260,1,2.0,1,2,1,23,0.2,123,7,10,905,1313,2208,12,11,10,1,0,1,2,714.36
512,1,0.5,1,7,0,15,0.9,83,3,15,249,1849,2610,18,14,15,0,1,1,2,559.94
581,0,2.2,0,0,0,59,0.7,185,5,6,803,1613,2819,19,17,9,0,0,1,2,651.91
1872,1,2.3,0,6,0,44,0.7,134,3,15,459,1259,1955,9,4,15,1,0,1,2,622.91
687,1,1.3,0,9,1,50,0.6,151,4,20,584,1151,3416,14,6,8,1,1,0,3,726.81
1062,1,2.5,1,6,0,10,0.9,160,1,13,1596,1807,3803,7,3,16,0,0,1,3,691.4
1678,1,2.3,1,11,0,7,0.5,192,1,14,418,1763,574,5,3,19,1,0,0,0,332.7
1417,1,0.5,0,10,1,45,0.9,166,4,19,364,1029,2129,13,9,12,1,0,1,1,648.53
1074,0,2.4,1,2,1,9,0.9,103,6,14,946,952,1948,13,1,18,1,1,1,1,589.57
1832,0,0.7,0,2,0,2,0.6,90,7,6,186,654,2978,18,7,18,0,0,0,2,537.85
1039,0,1.3,0,0,1,12,0.8,200,8,0,1428,1827,1619,7,1,10,1,1,1,1,465.34
1059,0,2.4,0,8,0,61,0.1,134,3,18,1613,1916,3716,15,13,11,1,1,0,3,826.18
1606,0,1.4,0,3,0,57,0.1,154,4,4,1127,1924,3454,13,8,20,0,0,1,3,794.96
1928,1,1.8,0,9,1,19,1.0,187,3,20,691,1580,3777,7,2,13,1,1,1,3,900.57
1875,1,0.5,1,11,1,55,0.7,91,1,17,1802,1942,2712,7,2,6,1,0,1,3,742.24
1128,1,1.1,0,9,1,46,0.9,135,8,10,751,1582,1434,5,0,11,1,0,0,1,528.9
1748,0,1.7,1,6,1,14,0.5,146,3,7,859,1234,3968,16,12,3,1,0,1,3,824.46
1413,0,0.5,1,5,0,51,0.3,117,5,11,187,517,3383,16,5,2,0,0,0,3,709.01
825,0,0.5,1,0,1,23,0.1,86,2,0,206,1917,3278,8,6,2,1,0,1,3,643.45
1589,1,1.4,0,3,1,26,0.1,100,8,16,1673,1759,3970,16,8,18,1,0,1,3,835.76
535,1,0.5,1,8,1,54,0.5,145,8,15,710,939,2674,14,8,10,1,0,0,2,759.74
1780,1,0.5,0,6,0,27,0.1,190,4,11,1331,1463,2776,19,17,14,1,1,1,3,625.63
1671,0,0.6,1,7,1,61,0.1,129,2,11,263,848,2336,10,4,7,1,0,0,2,677.82
1821,0,0.9,0,9,1,12,0.3,114,1,18,97,1803,2430,7,4,6,1,1,1,2,654.48
1076,1,2.6,0,3,1,38,0.7,119,6,8,129,915,891,18,3,9,1,1,0,0,459.44
532,1,0.8,1,3,0,8,0.1,193,5,10,1213,1354,728,13,5,8,1,1,0,0,269.83
777,1,2.6,0,3,0,30,0.9,148,5,17,189,1143,3886,14,10,7,1,0,0,3,751.85
1217,1,0.5,0,3,0,17,0.5,182,4,13,628,632,1711,7,3,9,1,0,1,1,447.63
1656,1,1.6,1,0,0,16,1.0,117,7,2,320,899,2856,14,3,20,1,1,1,2,530.9
1185,0,1.9,0,0,0,31,0.4,152,8,7,837,1642,2447,16,2,3,1,1,1,2,630.56
577,0,2.4,0,8,1,37,0.9,161,6,20,1087,1450,814,11,7,19,1,1,1,0,519.8
737,1,2.4,1,7,0,49,0.6,193,4,16,781,1463,2951,7,0,10,0,1,0,2,776.15
704,0,2.2,1,4,0,53,0.2,186,6,6,251,1013,3653,7,1,15,1,1,1,2,682.34
525,1,0.5,1,5,0,51,0.5,137,8,11,262,1587,1891,18,3,12,0,1,0,1,506.69
504,1,0.5,1,5,0,16,0.1,166,1,9,767,1665,701,17,15,15,1,0,1,0,268.33
793,0,1.2,1,1,1,38,0.6,176,4,7,1226,1815,3139,6,1,12,1,1,1,3,654.94
569,0,0.6,1,2,0,39,0.1,184,8,9,389,739,2811,7,6,7,1,0,1,1,613.66
1590,0,1.9,1,3,1,21,1.0,160,5,18,920,963,1701,11,4,4,1,0,1,1,565.86
707,0,0.5,0,0,1,16,0.1,194,2,0,1027,1508,1853,17,14,12,1,1,1,1,401.25
767,0,1.9,0,16,1,19,0.2,185,6,17,271,1000,2445,6,1,6,1,1,1,1,666.89
1350,1,0.5,1,0,1,50,0.8,181,8,4,369,544,2287,15,1,8,1,1,0,1,588.45
1117,1,0.6,1,0,0,31,0.2,146,2,7,1258,1627,2003,8,7,14,0,1,1,2,457.96
641,1,1.1,0,0,1,7,0.9,192,1,3,417,759,3595,7,5,19,1,1,1,2,608.49
1002,0,0.8,1,0,1,35,0.5,83,2,4,1345,1416,1726,16,5,19,1,0,1,1,504.67
1408,1,2.1,1,10,0,45,0.9,89,5,14,613,1088,3952,8,6,3,0,0,1,3,889.5
1900,1,2.0,1,1,0,41,0.5,190,8,6,912,1596,850,5,1,4,1,1,1,1,502.82
726,0,2.9,0,0,0,43,0.1,101,8,0,666,760,1446,17,2,8,1,1,0,0,513.18
1544,0,2.3,0,12,1,45,0.1,113,8,20,236,857,1300,8,7,18,1,1,0,1,739.66
1454,1,1.6,0,6,1,21,0.2,160,4,10,186,1100,719,14,10,10,1,1,1,0,396.47
1230,1,2.2,1,6,0,26,0.8,123,5,7,416,676,988,11,5,9,0,1,1,0,418.75
1552,0,1.2,0,10,1,53,0.3,180,8,18,430,658,2606,13,6,12,1,0,0,2,723.61
1519,0,2.1,0,0,0,32,0.7,200,1,10,168,1239,2912,11,10,15,1,1,0,2,545.48
723,1,1.9,0,4,0,30,0.3,102,1,7,1467,1901,2339,19,9,17,0,1,1,2,491.09
1191,0,2.4,1,2,0,13,0.9,169,1,7,179,1813,1028,14,6,8,1,1,1,0,311.15
1168,0,1.3,0,9,0,61,0.1,90,8,10,159,1578,3173,9,4,17,0,0,1,3,774.95
1229,0,0.5,1,15,0,14,0.8,191,2,16,120,1878,1667,17,6,17,0,0,1,1,498.32
1758,1,0.5,0,11,1,13,0.6,190,8,14,762,1864,1897,6,2,15,1,0,0,2,544.57
1290,0,0.5,0,0,0,3,0.1,143,6,4,600,1109,1214,9,8,15,0,1,1,1,288.98
574,0,2.8,1,16,0,38,0.1,90,6,17,286,1171,3269,8,7,10,0,1,0,2,849.36
1271,1,0.5,0,12,0,32,0.1,113,7,15,1350,1949,445,15,14,14,0,0,1,0,426.73
1170,1,1.2,0,4,0,30,0.4,83,8,15,27,1722,1073,6,4,8,1,1,0,0,430.22
1269,1,1.3,0,14,0,52,0.8,118,2,15,1597,1920,665,18,5,5,0,0,0,1,459.45
1288,0,2.8,1,15,0,50,0.1,121,2,20,1177,1809,3129,17,6,2,0,0,0,3,827.14
1366,1,0.7,1,0,1,34,0.1,150,2,9,402,964,3501,13,11,3,1,0,0,3,694.86
1572,1,0.8,1,7,1,8,0.8,169,5,8,577,1237,3461,6,3,10,1,1,1,3,623.51
1627,0,0.9,1,9,1,32,0.1,180,6,16,52,1082,3206,12,6,16,1,1,0,3,740.64
1701,1,0.5,0,13,1,46,0.9,115,2,15,364,828,3717,11,0,10,1,1,0,3,832.69
1900,1,0.5,1,0,1,55,0.9,171,1,1,934,1241,3917,15,5,18,1,0,1,3,747.77
1974,0,1.0,0,4,0,24,0.3,80,7,13,250,545,861,7,4,6,1,0,1,0,415.1
1197,1,0.5,1,9,0,20,0.1,129,5,10,214,1710,2885,19,7,14,1,1,1,2,552.73
587,1,2.3,1,4,0,6,0.7,170,1,16,612,1793,2777,9,2,14,1,1,0,2,575.69
934,0,1.1,0,7,0,24,0.8,112,5,12,1111,1463,1017,12,7,9,0,0,1,0,443.42
1195,0,2.0,1,1,1,23,0.1,82,4,9,163,1100,980,13,9,17,1,0,0,0,399.05
1853,1,1.0,0,2,0,23,0.4,92,1,15,202,1951,2775,14,4,17,1,0,0,3,588.55
1164,0,1.0,0,4,1,19,0.9,95,8,18,729,1704,3309,15,3,3,1,0,1,3,629.71
1512,1,0.5,0,8,1,18,0.1,88,3,17,1079,1897,3607,12,10,6,1,1,1,3,701.07
1232,0,2.9,1,1,1,24,0.3,169,5,17,361,809,1257,16,10,16,1,0,0,0,505.45
1813,1,0.6,1,0,1,5,0.2,198,3,8,338,1306,759,9,3,14,1,1,0,0,289.27
946,1,2.6,1,17,0,5,0.1,166,3,20,1698,1771,3720,15,7,4,0,1,0,3,805.24
739,1,2.3,1,2,1,58,0.1,88,3,4,1052,1536,475,7,6,6,1,0,1,0,485.14
704,1,2.7,0,8,1,29,0.2,80,1,10,1108,1509,1122,9,3,10,1,1,1,0,413.8
1663,1,0.5,0,0,0,40,0.6,147,4,15,951,1545,1336,8,5,15,1,0,0,1,434.82
1966,1,1.4,1,2,0,40,0.9,185,8,18,1197,1987,1185,11,2,20,0,1,0,2,551.98
1219,0,1.0,1,0,0,17,0.7,196,5,4,473,1022,705,11,3,6,0,1,1,0,328.77
612,1,0.7,0,6,0,35,0.6,181,5,12,1294,1337,3169,14,9,6,0,0,0,2,601.89
1658,1,1.4,0,0,1,39,0.7,182,1,5,410,522,3483,10,1,15,1,0,1,3,703.66
1263,0,0.5,0,12,0,64,0.3,175,5,18,178,1883,1183,14,3,17,0,0,1,1,624.32
1395,1,2.8,0,0,1,55,0.6,118,3,1,782,1787,3373,11,2,16,1,1,0,3,666.85
621,1,2.7,1,0,0,54,0.1,151,4,20,434,910,2801,6,1,5,1,1,1,2,665.71
652,0,0.5,1,1,0,58,0.6,142,3,2,464,781,565,18,12,9,0,0,1,0,336.89
1175,0,0.6,0,10,0,25,0.1,145,2,12,137,1501,3153,9,4,12,1,0,0,2,605.3
561,1,1.0,0,0,0,11,0.1,163,8,10,492,1176,3421,16,2,5,1,1,1,2,640.09
1137,0,2.2,0,6,1,3,0.9,173,5,7,1250,1285,316,15,14,17,1,0,0,0,314.44
1835,1,2.3,0,4,1,11,0.1,193,7,13,385,583,448,18,17,14,1,0,0,0,359.96
1170,0,2.9,1,2,0,40,0.4,169,6,5,427,684,2366,16,8,2,1,1,1,1,652.79
1595,1,0.8,1,0,1,44,0.7,85,4,20,1024,1838,3881,14,10,9,1,0,1,3,821.62
1719,1,2.0,0,0,0,12,0.3,122,8,7,240,904,462,6,3,5,0,0,0,0,349.17
1770,0,2.3,1,0,0,7,0.8,128,7,6,886,1552,1480,6,1,17,1,0,0,1,430.53
1312,0,0.5,1,0,1,28,0.8,163,2,0,1233,1854,1087,17,16,14,1,0,0,1,357.12
1878,0,1.5,1,5,1,56,0.3,139,5,13,183,559,2711,8,2,3,1,1,1,2,780.25
1871,1,2.0,0,7,1,20,0.1,81,7,14,88,1682,2144,13,12,12,1,1,1,2,668.27
922,0,1.5,1,1,1,35,0.9,188,7,15,1016,1383,1165,19,6,4,1,1,1,0,530.97
1975,1,1.5,0,6,1,16,0.9,128,8,11,80,655,2998,5,4,13,1,1,0,2,618.7
1212,0,2.6,0,1,1,46,0.3,102,4,8,611,1715,2249,14,3,4,1,1,1,2,656.12
1430,1,0.9,0,3,0,56,0.1,179,3,5,569,906,752,17,8,17,0,0,1,0,380.57
1958,1,1.9,1,0,0,4,0.2,190,2,3,304,637,1409,16,5,3,0,0,0,1,343.32
1836,1,2.1,1,0,1,30,0.2,184,7,15,276,1230,3072,7,3,5,1,1,0,3,684.88
557,1,1.6,0,0,0,24,0.5,125,3,0,1131,1315,1305,12,8,3,1,0,1,0,357.3
539,1,0.6,1,9,0,21,0.1,145,7,14,551,599,3597,14,5,9,0,0,0,2,647.42
880,0,0.5,1,1,0,44,0.5,172,8,15,436,1302,3132,8,7,6,0,1,1,2,632.28
1369,1,1.8,1,6,0,34,0.5,162,1,7,553,727,3856,18,4,18,0,1,1,3,759.16
1109,1,2.7,1,1,0,39,0.4,98,1,9,1391,1787,1524,15,10,7,1,1,1,1,484.97
843,0,1.8,1,0,0,16,0.1,166,5,6,981,1096,3673,12,1,20,1,0,1,3,640.21
598,0,2.3,1,7,0,21,0.7,196,2,10,680,1173,3293,8,4,7,1,0,1,2,701.73
972,1,2.7,1,1,0,5,1.0,126,4,2,687,816,3035,12,7,19,1,0,1,2,544.6
1944,1,0.5,0,5,1,36,0.1,197,6,18,1060,1970,584,17,14,13,1,1,0,1,450.43
1225,0,0.7,1,0,1,2,0.6,138,7,1,217,1101,2675,12,11,15,1,1,0,2,498.54
644,1,1.3,1,7,1,30,0.5,114,1,16,1140,1654,2382,9,0,19,1,0,1,2,592.08
1919,0,1.5,0,5,1,48,0.8,150,4,6,304,1191,1391,19,13,12,1,0,1,1,553.59
501,0,2.3,0,12,1,54,0.3,131,4,19,504,1089,2346,13,12,2,1,0,1,1,703.24
1620,1,2.2,1,0,1,30,0.2,185,3,3,832,1033,606,6,0,18,1,0,0,0,353.25
1227,1,1.1,1,0,0,34,0.2,130,3,3,935,1781,1324,7,3,12,0,1,1,1,446.58
1359,1,0.5,1,1,1,58,0.5,107,6,3,446,901,1076,16,8,4,1,1,1,0,445.43
1914,0,0.7,0,1,0,35,0.6,118,8,2,942,1701,643,17,1,8,1,0,1,1,311.12
1645,1,1.8,0,1,0,21,0.7,123,7,2,897,1308,783,10,8,20,1,0,0,0,389.84
1063,1,1.1,0,0,1,26,0.8,101,5,2,1208,1232,3809,17,16,5,1,0,1,3,820.13
946,0,2.1,0,0,1,19,0.2,154,8,0,159,630,2104,7,4,16,1,1,0,1,504.13
1231,0,1.2,1,5,0,54,0.8,185,3,10,632,1184,1762,5,3,6,1,1,0,1,482.57
1397,0,2.9,1,13,0,9,0.5,87,6,18,1308,1991,3137,12,1,11,1,1,1,3,757.46
701,1,0.7,0,7,0,15,0.5,160,3,11,1002,1256,1756,6,3,17,1,1,1,1,430.3
570,1,0.5,1,2,0,9,0.3,111,7,5,1331,1917,3663,14,10,14,0,0,0,3,600.78
1993,1,0.5,0,10,1,27,0.3,147,8,11,150,510,2437,14,0,9,1,0,0,2,578.26
955,0,0.5,1,4,0,43,0.9,143,5,8,1248,1511,1432,12,9,9,1,1,1,1,491.17
924,0,0.5,1,0,1,47,0.3,167,8,6,108,1813,1620,17,15,12,1,0,0,1,508.12
600,0,0.5,0,0,0,14,0.8,112,5,2,320,747,1655,18,0,9,0,0,0,0,302.17
518,0,0.8,1,0,0,3,0.1,178,7,1,437,1947,2832,5,0,8,1,0,1,2,500.91
1063,1,2.5,0,0,1,31,0.9,95,6,10,295,935,961,16,6,5,1,1,0,0,512.11
920,1,0.5,0,2,0,46,0.8,149,3,3,1058,1421,2608,6,0,2,0,0,1,2,573.04
1715,0,1.9,0,4,1,3,0.1,171,5,6,79,1652,514,7,4,13,1,0,0,0,307.38
1841,1,1.3,1,6,0,14,0.6,167,8,8,593,672,2304,7,1,18,0,0,1,2,561.97
543,1,0.5,1,4,1,60,0.7,132,5,7,693,1031,933,14,0,5,1,1,0,0,469.96
1762,1,2.7,1,13,1,25,0.9,189,1,14,300,527,1896,14,10,20,1,1,1,1,529.18
1112,1,0.5,1,1,0,53,0.6,121,4,16,234,739,3655,7,3,20,1,1,0,3,754.01
709,1,2.0,1,0,0,35,0.1,136,1,0,1545,1596,1973,12,9,16,0,1,1,1,450.15
1315,1,2.6,0,7,0,64,0.8,128,7,16,59,575,3278,6,3,13,0,0,0,2,948.5
1762,1,2.5,0,10,1,15,0.3,107,8,11,1103,1364,2183,8,3,11,1,1,0,2,654.28
1462,1,1.7,1,1,0,25,0.2,182,7,18,91,1478,824,15,5,13,1,0,1,0,487.6
571,0,1.6,1,8,0,35,0.2,186,7,20,177,1282,2598,13,5,8,1,1,0,1,621.42
666,1,0.5,1,7,1,54,0.4,81,3,13,58,1353,1254,15,9,9,1,1,1,0,536.97
1994,0,1.5,1,2,1,7,0.5,146,8,7,447,1435,3622,7,0,20,1,0,1,3,744.9
1583,1,2.1,1,11,0,14,0.7,148,7,16,942,1651,1704,17,13,2,1,0,1,2,552.43
1778,0,1.4,1,3,1,45,1.0,132,4,17,88,516,1624,15,13,9,1,1,0,1,586.36
1926,1,1.1,0,13,1,50,0.2,179,6,17,371,1000,3809,17,12,17,1,1,0,3,957.3
966,1,0.6,0,9,1,50,0.2,117,4,10,1446,1754,2574,10,1,5,1,0,1,2,671.38
568,0,2.0,0,1,0,36,0.3,179,3,4,181,1703,950,17,9,9,1,0,0,0,307.15
1897,0,3.0,0,1,1,21,0.5,192,8,2,1311,1935,273,17,6,3,1,1,1,0,434.41
1695,0,0.5,1,6,1,46,0.7,200,3,9,1791,1898,446,16,13,15,1,1,1,1,424.14
1623,1,1.2,0,6,1,61,0.9,120,7,12,1568,1832,1510,12,10,17,1,1,0,2,617.84
914,1,0.5,0,0,1,26,0.7,147,4,0,706,721,1122,12,9,2,1,1,1,0,349.43
1721,1,0.5,1,4,1,33,0.5,128,4,5,871,1048,707,19,2,5,1,1,1,0,358.98
890,1,2.2,1,4,0,44,0.5,198,8,13,1074,1873,751,7,3,3,0,0,0,0,448.89
600,0,0.5,0,1,0,48,0.8,191,3,7,501,1465,3393,12,7,8,1,0,0,2,661.8
1677,0,1.8,1,4,0,11,0.7,124,6,8,271,1477,3771,15,6,12,1,0,0,3,680.11
723,0,0.5,0,0,1,3,0.2,168,4,3,920,1748,1851,15,3,16,1,0,0,1,324.12
638,0,1.7,1,11,0,27,0.5,102,4,17,1171,1383,2735,7,2,9,1,1,0,2,679.73
852,0,1.0,1,4,1,62,0.7,104,7,13,293,1159,2253,17,4,7,1,1,0,1,678.65
1979,1,1.6,1,0,0,32,0.2,165,7,1,833,1630,452,13,6,14,0,1,0,0,334.87
710,1,0.5,0,6,0,32,0.8,151,5,9,485,857,1419,12,11,18,0,1,0,0,378.71
1034,0,2.6,1,2,1,45,0.3,190,3,4,182,1293,969,15,1,7,1,0,0,0,461.37
600,0,2.5,1,8,1,22,0.1,145,1,11,207,1162,3441,19,1,5,1,0,0,2,687.38
1027,0,0.5,0,2,1,64,0.9,103,2,7,1698,1747,3786,17,12,12,1,0,0,3,924.17
1260,0,0.6,0,5,1,13,1.0,106,6,6,165,736,2710,13,1,8,1,1,0,2,561.24
1793,0,1.8,1,10,0,12,0.5,169,6,17,1086,1418,3533,16,14,15,1,1,1,3,788.0
675,0,2.3,0,10,0,60,0.9,144,5,15,192,757,1735,7,0,13,1,0,1,0,619.99
658,1,2.7,0,0,1,12,0.9,103,7,3,1156,1750,3587,14,11,20,1,0,0,3,740.07
1694,1,0.6,0,0,1,34,0.3,102,7,7,377,549,2298,17,5,2,1,1,0,2,576.38
804,1,0.8,1,12,1,41,0.9,89,1,13,709,818,2027,11,5,11,1,0,0,1,630.01
1713,0,2.5,1,1,0,27,0.9,127,7,3,729,974,2406,13,10,20,1,0,1,2,593.33
706,0,0.5,0,13,1,31,0.1,108,3,19,543,938,2419,8,7,4,1,0,1,1,621.99
1362,0,0.5,0,3,0,25,0.8,131,7,9,553,1505,995,7,6,18,0,1,1,0,364.38
1527,0,2.7,0,10,1,60,0.1,154,5,14,526,1116,2078,5,3,11,1,1,1,2,774.33
768,0,0.5,1,0,0,19,0.9,159,2,1,637,991,1145,19,1,7,0,0,1,0,334.38
1314,0,2.9,1,8,1,41,0.1,155,4,12,113,577,626,10,4,4,1,1,1,0,478.89
705,1,0.5,0,5,1,57,0.9,155,6,9,1114,1374,1509,15,11,18,1,1,1,1,531.28
1403,0,2.7,0,2,1,26,0.1,164,5,3,461,1251,3371,13,9,9,1,0,1,3,728.73
1486,0,2.6,0,7,0,52,0.1,85,4,15,1430,1747,297,13,1,15,0,1,0,0,447.08
781,0,1.1,0,2,0,38,0.4,198,5,7,304,1674,3508,13,8,5,0,0,1,3,716.31
986,1,1.5,0,1,1,23,0.8,183,8,3,471,800,2385,16,9,19,1,0,0,1,481.56
1310,0,1.4,0,0,0,33,0.4,105,1,14,806,1016,1301,13,12,19,0,0,1,1,404.53
560,1,2.0,1,6,1,57,0.3,81,3,12,80,1327,2167,11,10,7,1,0,1,1,617.2
1348,0,1.3,0,0,0,43,0.4,116,5,6,204,501,3914,10,3,8,1,0,1,3,646.06
1567,0,0.5,1,3,0,22,0.5,119,6,6,545,1621,2312,9,1,18,1,0,0,2,476.37
1940,1,0.9,1,4,0,17,0.7,93,5,7,112,858,2297,14,6,8,0,1,0,2,483.43
1979,1,2.9,1,0,1,19,1.0,176,3,9,1331,1532,411,8,2,2,1,1,1,0,381.79
561,1,2.1,1,7,1,2,0.1,193,3,13,1055,1294,665,10,0,4,1,1,0,0,362.36
1717,1,1.3,0,1,0,62,0.7,130,1,3,609,810,3226,6,4,5,0,1,0,3,663.41
535,0,1.5,0,1,1,48,0.7,113,1,4,290,811,740,11,10,18,1,1,0,0,332.11
1413,0,0.5,1,4,1,39,0.1,185,5,12,1039,1318,3878,19,16,4,1,0,0,3,787.96
1358,0,2.5,1,0,0,20,0.6,135,7,0,1485,1655,3406,5,1,11,0,0,1,3,744.42
1519,0,2.9,0,2,0,30,0.7,112,7,8,1122,1702,2440,9,5,10,1,1,1,2,624.41
1254,0,1.2,1,2,0,50,0.7,108,5,6,462,1013,3959,10,4,17,1,1,0,3,726.39
1591,1,2.2,0,3,1,49,0.4,154,6,7,1384,1883,3703,17,6,20,1,1,0,3,871.97
977,1,2.8,1,2,0,35,0.6,165,2,15,1502,1862,3714,19,3,10,0,1,1,3,755.28
1640,1,0.7,0,10,1,21,0.8,169,7,14,589,1301,337,16,3,5,1,1,0,0,390.29
663,0,0.8,1,0,0,25,0.6,183,2,1,82,1605,3176,6,2,2,1,0,1,2,549.8
1744,1,1.0,0,1,1,20,0.5,112,8,3,68,718,1205,18,7,14,1,0,0,1,420.52
1624,0,1.6,1,8,0,28,0.4,150,2,10,689,699,2473,16,11,2,1,0,0,2,540.88
1108,1,1.3,1,14,1,2,0.3,169,7,20,208,1742,1229,5,3,4,1,1,0,0,485.45
1188,1,1.4,1,0,1,9,0.6,114,2,0,1339,1558,2896,12,11,16,1,0,1,3,542.84
817,0,1.3,0,0,0,11,0.5,144,3,11,722,766,2039,11,6,19,0,1,0,1,392.98
863,0,1.6,1,5,1,6,0.7,133,4,13,717,1799,520,10,2,18,1,0,1,0,317.01
1397,0,2.4,1,5,1,3,0.2,121,3,15,433,1658,1378,18,15,4,1,1,1,1,481.99
1108,0,1.0,0,3,0,49,0.7,140,5,12,1298,1666,3254,12,0,16,1,0,0,3,694.69
1068,0,2.0,1,1,1,37,0.9,184,7,13,186,1998,1803,5,4,7,1,0,0,1,552.17
1702,1,2.3,0,12,1,52,0.5,145,2,15,1397,1491,2501,16,12,4,1,0,0,3,726.5
808,0,0.5,1,0,0,8,0.1,192,4,1,618,1891,3762,15,9,12,1,0,1,3,631.91
1156,0,0.5,0,6,0,61,0.1,89,7,9,1214,1262,1796,16,6,13,0,1,1,1,500.71
1271,0,0.5,1,2,0,54,0.1,159,8,3,613,650,990,14,11,6,0,1,1,0,389.75
696,0,0.5,0,6,0,51,0.3,197,3,8,649,907,2630,18,8,9,0,0,1,1,572.05
1981,1,1.9,1,13,0,45,0.3,175,6,18,193,1234,1380,10,1,13,0,1,0,1,661.65
614,0,1.7,1,0,1,58,0.2,128,7,2,22,519,3487,15,6,11,1,1,1,2,783.31
1590,0,0.6,1,0,0,7,0.3,122,3,17,1464,1595,1201,12,3,18,1,1,1,1,413.16
1945,0,1.6,0,4,0,21,0.7,113,3,10,280,895,3015,6,1,15,0,0,0,3,569.46
1135,1,2.8,1,9,0,43,0.4,158,1,11,690,1589,3204,18,13,6,1,0,0,3,650.85
1049,0,0.6,1,8,1,2,0.3,172,6,10,39,1564,433,10,7,6,1,0,0,0,297.15
1807,1,2.1,0,2,0,49,0.8,125,1,10,337,1384,1906,17,13,13,0,1,1,2,545.37
984,1,0.5,0,13,1,42,0.8,98,7,17,1036,1611,898,16,8,13,1,1,0,0,517.44
720,1,1.4,1,0,1,61,0.6,96,7,8,1347,1733,2799,5,3,15,1,0,1,3,729.57
1536,0,0.8,0,12,0,13,0.3,105,7,20,22,1634,2020,6,0,16,1,1,0,2,549.64
771,1,0.5,0,3,0,25,1.0,86,4,6,327,922,770,12,1,20,0,1,0,0,292.25
503,0,2.5,0,3,0,57,0.6,185,6,11,778,1291,305,11,8,16,0,0,1,0,452.86
675,0,2.4,0,1,0,42,0.6,187,7,2,482,874,2953,9,5,13,1,1,0,2,678.74
1936,1,1.9,1,13,1,34,0.2,182,7,14,591,1089,1671,6,1,9,1,0,1,1,597.31
1303,0,1.0,1,0,1,15,0.1,138,3,10,229,1604,2574,12,4,14,1,1,1,2,487.42
1004,1,2.9,1,0,0,35,0.2,141,6,9,901,1162,3772,17,8,18,0,1,1,3,841.67
1972,0,1.2,1,0,0,37,0.7,102,2,1,715,1648,2870,16,0,17,0,0,0,3,629.06
1822,0,1.2,0,0,0,8,0.2,195,6,0,172,910,2577,9,5,8,1,1,0,2,448.27
1159,1,2.8,0,5,1,18,0.5,83,1,7,681,723,2246,8,1,3,1,1,0,1,453.45
1782,1,2.8,1,6,1,58,0.8,157,1,13,867,999,2405,15,0,16,1,0,1,2,710.3
894,0,2.1,1,16,0,16,0.7,168,8,20,286,1300,3377,5,1,6,1,1,1,2,843.3
1884,0,2.1,1,7,1,43,0.8,185,1,18,451,819,3619,14,8,7,1,1,1,3,919.85
1648,1,0.5,0,1,1,17,0.9,142,2,3,1119,1238,1184,6,2,2,1,0,1,1,388.3
798,0,2.4,0,5,0,4,0.2,96,3,9,526,643,2965,15,7,14,1,1,0,2,528.77
802,1,2.4,1,1,0,45,0.8,157,3,9,1299,1633,3713,8,3,8,0,0,0,3,705.62
1276,1,2.9,1,2,0,53,0.3,130,2,3,217,735,3798,19,10,8,1,1,1,3,755.76
1331,1,1.6,0,0,0,16,0.5,165,2,7,1109,1226,1026,13,5,20,1,0,1,1,330.72
1620,0,2.6,1,6,0,5,0.9,186,6,18,434,1339,1086,18,14,13,1,0,0,1,429.72
1996,0,2.5,0,5,1,51,0.4,122,4,9,671,1445,2236,8,7,12,1,0,1,2,778.12
1092,0,2.7,1,8,0,45,0.8,185,1,10,1404,1424,1303,12,3,20,0,1,1,1,552.52
1018,1,0.7,1,7,0,63,0.1,155,5,18,856,883,3048,10,3,2,0,0,1,2,817.27
545,0,0.5,0,0,1,11,0.3,131,3,1,381,1452,616,15,6,19,1,1,1,0,231.38
554,1,1.3,0,0,0,12,0.1,105,6,10,85,806,3764,10,7,4,0,1,1,2,679.13
1264,0,2.9,1,2,1,34,0.2,171,3,3,562,849,419,7,4,3,1,1,1,0,387.05
1030,0,1.6,1,3,1,58,0.2,138,6,20,1111,1812,2858,6,2,18,1,1,1,3,826.35
1432,1,1.7,1,6,1,39,0.3,164,4,18,209,947,504,14,4,10,1,1,0,0,486.01
558,1,2.8,0,1,1,49,0.8,142,5,4,997,1605,392,10,5,8,1,1,1,0,436.55
829,0,0.5,0,0,0,56,0.6,129,7,1,91,1916,820,12,6,11,1,0,1,0,383.36
1741,1,1.8,0,0,0,14,0.7,143,8,0,730,1895,3387,11,3,3,1,0,0,3,663.24
1849,1,2.3,0,7,1,15,0.4,144,5,19,606,1123,3447,14,11,19,1,0,1,3,802.12
733,0,2.1,0,5,1,7,0.2,174,7,10,445,1409,1403,15,8,2,1,1,0,0,407.93
1872,1,0.9,1,0,0,16,0.5,80,2,2,286,1484,2295,15,11,16,0,0,1,2,472.49
1853,0,0.5,1,1,0,27,0.3,197,6,13,985,1005,1973,10,2,8,1,0,1,2,507.17
1149,1,2.2,0,4,0,30,0.2,106,6,5,1617,1675,3755,17,14,8,1,0,0,3,693.06
891,0,0.5,1,9,1,25,0.3,196,2,19,375,1724,2073,7,1,10,1,0,1,1,641.79
1911,1,2.0,0,7,1,64,0.6,163,8,8,1795,1958,3872,9,8,11,1,1,0,3,1062.89
550,1,0.5,0,16,1,23,0.1,145,2,17,486,1930,302,18,5,8,1,0,0,0,390.6
576,0,0.8,0,0,1,27,0.1,121,2,4,757,1518,1519,18,6,8,1,0,1,1,416.38
1760,0,1.9,0,1,1,50,0.8,198,1,2,273,1704,2549,10,8,4,1,1,0,2,650.2
969,0,2.4,0,0,0,45,0.3,124,7,0,491,589,404,18,5,19,1,0,1,0,371.49
1160,0,1.1,0,1,1,63,0.7,166,3,2,762,859,595,18,4,15,1,0,1,0,421.06
827,0,1.1,1,2,1,18,0.9,160,2,16,448,821,1663,14,0,17,1,1,1,0,445.15
1786,0,0.5,0,9,1,58,0.7,161,7,10,231,1671,2764,9,3,7,1,1,1,3,754.66
774,1,0.6,1,2,1,8,0.4,136,1,4,1713,1865,2614,7,0,14,1,1,1,2,527.28
819,1,2.5,1,0,1,11,0.2,83,8,1,438,822,1094,10,5,15,1,0,0,0,380.82
1042,0,2.2,0,15,1,11,0.6,139,5,16,68,1018,2826,18,0,2,1,0,0,2,674.67
1368,0,3.0,1,10,0,50,0.2,97,7,18,698,829,2496,13,6,5,0,1,1,2,788.68
1592,0,2.1,0,6,1,50,0.1,181,2,17,510,522,2103,19,8,7,1,0,0,1,711.85
1067,0,1.8,1,11,0,14,0.2,146,1,15,965,1009,966,5,0,13,0,0,1,0,415.97
1892,1,0.7,0,5,0,47,0.4,110,4,10,1399,1564,2172,17,14,3,1,1,1,2,605.84
915,0,1.1,0,6,0,56,0.6,187,8,17,532,1448,905,19,10,12,0,1,0,0,501.66
774,1,2.8,0,7,1,55,0.9,124,3,18,8,896,3916,8,1,12,1,1,0,3,869.33
1848,1,1.4,1,2,1,42,0.7,179,2,10,154,605,3902,11,9,3,1,0,1,3,791.8
1501,0,1.1,0,12,1,2,0.2,187,1,15,198,1056,2487,13,12,16,1,1,1,2,532.59
1614,0,1.9,0,8,1,55,0.3,188,3,17,860,1330,3914,17,13,13,1,0,0,3,879.16
911,1,2.9,0,0,0,46,0.1,181,5,1,461,670,363,9,5,17,0,1,0,0,327.95
1520,0,0.5,0,1,1,24,0.7,199,5,8,109,1909,3233,13,3,4,1,0,1,3,598.08
1647,0,1.4,1,3,1,38,0.3,102,6,15,193,1185,2532,16,14,15,1,0,1,2,709.1
1347,0,0.9,1,8,1,53,0.8,108,6,15,961,1008,3836,15,3,14,1,0,1,3,898.89
967,1,1.6,0,4,0,25,0.6,92,8,9,243,1642,3076,7,4,18,0,1,1,2,591.24
1442,0,2.2,0,0,1,56,0.7,145,5,3,1626,1668,1513,11,8,7,1,1,0,2,559.44
1204,1,2.6,0,0,0,10,0.3,199,7,3,480,1482,1724,11,2,19,1,0,0,1,476.95
1320,0,2.1,1,0,1,41,0.6,144,7,2,123,1229,542,11,1,14,1,1,0,0,438.65
1800,1,0.7,0,2,1,8,0.4,100,7,6,400,823,3481,10,8,8,1,0,1,3,692.76
1567,0,2.1,1,3,0,22,0.8,153,3,19,190,1326,3991,15,2,10,1,0,0,3,767.68
1439,0,0.9,0,12,1,20,0.8,147,1,17,626,932,1790,19,12,15,1,0,1,1,517.16
1422,0,1.0,0,15,0,3,0.1,112,1,17,1,926,509,19,1,3,1,1,1,0,303.98
1591,1,2.2,1,4,1,52,1.0,161,3,16,548,1641,282,10,9,14,1,1,1,0,477.73
880,0,1.7,0,2,0,6,0.6,198,4,19,632,660,3006,6,4,3,1,0,0,2,594.23
1929,1,0.5,1,0,1,19,1.0,163,6,2,349,1051,1913,12,7,6,1,1,0,1,499.46
1642,1,1.6,1,0,0,5,0.4,102,5,2,1686,1889,1333,18,0,2,0,0,1,2,415.33
1511,0,2.5,1,3,0,21,0.2,114,3,18,1455,1982,3746,10,0,5,1,0,0,3,756.73
1312,0,1.3,0,5,1,10,0.6,163,2,9,95,893,3941,6,2,13,1,1,1,3,653.19
1852,0,1.4,0,4,1,10,0.7,196,1,18,580,1163,3970,13,1,11,1,0,1,3,741.32
972,1,1.3,0,8,0,44,0.7,82,7,10,297,589,3925,7,6,7,0,1,0,3,797.21
691,1,2.7,1,4,1,33,0.9,108,4,8,951,962,424,5,3,15,1,1,1,0,394.82
807,0,0.5,0,9,0,8,0.3,158,5,20,667,697,1284,17,13,2,0,1,1,0,395.18
1113,0,0.6,1,0,0,25,0.3,145,1,10,1047,1312,277,11,2,12,1,0,1,0,278.78
721,1,1.3,1,10,0,16,0.9,125,1,18,408,1862,1713,10,3,4,0,1,1,1,463.98
1188,1,1.5,1,0,0,54,0.3,198,6,2,1150,1469,485,12,7,7,0,1,0,0,367.01
1512,1,0.5,0,1,0,52,0.1,131,1,14,333,952,3002,6,5,7,0,0,1,2,682.6
805,1,0.7,0,0,0,64,0.1,97,4,14,641,704,418,11,6,17,0,1,1,0,384.35
918,0,0.9,1,1,0,8,0.1,123,7,5,653,671,1652,17,4,14,1,1,0,1,381.24
1320,0,0.5,1,7,0,48,0.2,168,5,16,103,1583,2893,8,5,9,0,0,1,2,706.82
1236,0,0.9,1,2,1,57,0.1,188,1,14,517,809,1406,14,12,20,1,0,1,0,507.82
1387,0,0.5,0,0,1,61,0.5,98,3,0,785,1151,629,5,3,11,1,1,0,0,374.61
1883,1,2.7,1,6,1,30,0.5,95,2,10,531,791,3724,16,15,20,1,1,1,3,857.42
839,0,2.0,1,0,0,14,0.4,175,7,3,564,1391,3835,15,8,11,1,0,0,3,631.44
1593,1,1.0,0,0,1,52,0.7,130,8,0,761,1336,1354,15,13,13,1,1,1,1,446.42
1722,1,1.0,0,7,0,25,0.8,88,6,19,1179,1638,2376,5,1,19,0,0,1,3,562.89
1954,0,0.6,1,8,0,7,0.9,126,3,9,673,690,3438,17,12,13,1,0,0,3,630.13
1788,1,0.5,1,15,1,2,0.3,150,6,20,472,1073,2655,12,2,4,1,0,1,2,655.44
1628,0,0.5,0,5,1,33,0.9,101,6,8,412,643,3361,16,10,13,1,0,0,3,686.54
1965,0,0.5,0,6,1,4,1.0,84,7,9,977,1660,3535,17,0,16,1,1,1,3,737.94
833,1,2.2,0,4,0,27,0.9,124,1,6,359,1395,2150,9,5,7,0,1,1,1,406.87
571,0,0.6,0,1,1,43,0.5,141,3,8,224,783,2587,7,5,18,1,0,0,1,585.53
1808,1,0.5,1,1,0,31,0.5,92,2,16,714,1208,2736,9,1,8,0,0,1,3,681.45
1860,0,0.5,1,2,1,55,0.7,83,6,3,195,799,676,15,0,4,1,0,1,0,408.5
1368,1,1.6,1,4,0,9,0.1,115,7,7,843,1145,2941,13,12,17,0,1,0,3,582.29
1161,0,1.3,1,0,1,21,0.6,126,8,12,308,1169,3336,6,4,14,1,0,1,3,678.13
1224,1,1.6,0,9,0,33,1.0,157,1,18,522,563,3796,10,5,13,1,1,0,3,706.08
902,1,0.6,1,0,0,63,0.7,122,5,14,364,1360,3654,18,8,15,0,1,1,3,762.74
787,1,0.5,0,15,0,11,0.6,93,1,16,806,1423,2934,8,6,14,1,0,1,2,663.77
854,0,0.5,0,2,0,30,0.5,125,8,5,518,1152,2889,5,2,11,0,0,1,2,636.68
1184,0,1.5,1,1,1,48,0.6,191,1,6,519,1577,3315,17,7,14,1,1,1,3,694.0
1973,0,1.6,1,5,1,39,0.8,152,4,6,792,1181,1993,9,0,5,1,0,0,2,660.03
510,0,1.7,1,3,0,35,0.8,120,3,6,382,1228,2509,17,2,11,0,1,1,1,554.11
966,0,2.0,0,8,1,34,0.5,118,2,10,214,1523,3534,18,17,11,1,1,1,3,818.39
1438,1,1.8,0,3,0,16,0.6,169,8,7,859,867,2246,14,11,15,0,0,0,2,535.87
1986,0,0.5,0,7,0,51,0.4,95,3,9,342,774,3165,5,0,13,1,0,0,3,700.49
1907,0,2.0,0,13,0,55,0.9,105,7,15,713,1513,286,14,4,17,1,0,1,0,532.03
1489,0,2.4,1,8,0,32,0.6,200,1,16,172,812,776,7,6,8,0,0,0,0,488.54
1843,1,1.8,1,13,1,16,0.7,134,6,18,118,580,3213,15,14,15,1,1,0,3,807.27
825,1,1.5,0,11,0,38,0.4,94,3,18,540,783,716,11,4,14,0,1,0,0,401.51
1286,1,2.3,0,10,1,16,0.1,98,2,18,18,662,424,10,5,4,1,1,0,0,391.36
840,0,0.6,0,0,1,63,0.8,137,7,19,987,1081,3486,12,8,18,1,1,0,3,783.37
757,0,2.3,1,5,1,58,0.2,163,4,7,535,697,3237,19,12,9,1,0,1,2,752.65
814,1,1.1,1,2,0,41,0.8,177,2,10,1092,1406,1944,16,6,12,1,0,0,1,531.75
1195,1,1.1,1,2,1,8,0.9,80,6,6,327,1001,643,14,2,19,1,0,0,0,312.65
767,0,0.8,0,7,1,10,0.5,107,4,12,517,1995,2317,6,0,12,1,1,1,2,543.79
1068,0,1.3,0,6,1,52,0.1,97,8,7,994,1500,1436,16,1,15,1,0,0,1,559.76
994,1,2.8,1,0,0,56,0.5,173,3,3,491,530,3190,5,2,20,1,1,1,2,707.01
1550,1,2.5,0,6,0,21,0.8,133,2,11,268,832,2338,16,1,15,0,1,0,2,547.38
1878,1,0.5,0,9,0,29,0.6,85,8,19,210,1026,1334,18,7,2,0,0,0,1,435.26
623,0,2.0,0,2,0,6,0.1,127,3,4,144,672,3657,17,3,19,1,1,0,2,600.56
1829,1,0.5,0,0,1,15,0.4,160,5,7,729,1267,2080,16,11,12,1,0,1,2,468.29
525,0,2.4,1,11,0,35,0.8,190,7,20,82,670,1609,16,11,3,0,0,0,0,544.15
1065,1,0.5,0,0,1,14,0.7,89,2,2,188,928,3078,10,1,18,1,0,1,2,546.55
1425,0,1.2,0,9,1,35,0.7,127,8,14,150,1897,590,13,2,6,1,1,1,0,471.01
1296,0,1.4,1,3,0,11,0.2,129,7,4,1222,1382,2552,19,8,10,1,1,1,2,528.59
642,0,2.8,0,3,0,34,0.8,197,2,15,331,1011,3355,12,5,13,0,0,0,2,700.08
1664,1,2.9,1,9,1,15,0.5,177,7,19,1178,1929,1968,12,7,9,1,0,0,2,629.57
1498,1,0.7,0,3,1,8,0.1,170,7,4,347,1076,3358,7,3,19,1,0,0,3,594.74
981,1,1.9,1,0,0,2,0.1,136,3,7,75,688,1539,19,12,19,0,0,0,0,333.81
1236,1,2.8,0,6,1,32,0.3,143,4,18,492,1403,942,16,12,14,1,1,1,0,512.08
1673,0,2.8,1,7,0,9,0.1,187,3,10,65,734,3669,9,1,10,1,0,1,3,714.66
712,1,1.6,0,6,1,9,0.8,172,2,14,881,1234,3612,13,5,4,1,0,0,3,629.94
569,1,0.5,1,10,1,4,0.8,170,3,19,351,1159,2351,8,7,10,1,1,0,1,561.59
603,1,0.7,1,0,1,64,0.2,156,6,0,1842,1968,604,10,4,8,1,1,1,0,437.05
1332,0,0.8,1,2,0,11,0.5,187,2,4,758,1165,1285,5,0,9,1,1,0,1,294.56
1413,0,0.6,0,0,1,13,0.1,128,1,0,1323,1481,515,5,0,18,1,1,0,0,225.49
1064,0,2.9,1,1,1,34,0.2,184,6,13,1175,1569,654,16,13,6,1,0,0,0,481.81
1444,0,0.6,0,2,0,48,0.5,82,5,17,1092,1554,2540,17,2,15,1,1,1,3,641.43
1366,1,1.7,1,5,1,53,0.2,161,5,9,647,1876,3869,17,5,14,1,0,1,3,860.3
906,0,2.1,1,7,0,18,0.1,136,2,11,1102,1793,3412,13,8,16,1,0,0,3,655.82
1554,0,2.7,1,3,1,47,0.7,185,5,12,319,1367,509,12,3,19,1,0,0,0,487.27
1187,0,2.3,0,0,1,21,0.2,122,6,6,215,1125,2547,10,3,5,1,1,0,2,622.97
1156,1,2.7,1,1,1,30,0.9,173,3,16,945,1913,2735,16,15,13,1,0,1,2,641.09
1918,0,2.8,0,1,0,22,0.3,139,1,5,381,1203,1369,9,6,6,0,1,1,1,367.02
841,1,0.5,1,8,0,39,0.1,199,6,13,546,828,2942,11,5,16,0,1,1,2,618.73
730,1,1.3,1,6,0,6,0.9,167,7,10,1096,1155,2812,10,1,17,0,0,0,2,575.22
878,1,1.3,0,13,1,31,0.5,153,4,18,575,618,3497,9,7,11,1,1,0,2,828.69
1059,0,0.5,1,0,0,50,0.7,182,8,1,519,1545,619,5,3,18,0,1,1,0,345.13
1578,0,2.9,0,8,0,3,0.9,200,1,20,342,670,3483,17,4,16,1,0,0,3,561.96
1829,0,1.7,0,0,0,36,0.8,112,5,1,291,563,1475,11,4,7,0,0,0,1,392.66
1132,0,1.0,0,0,0,8,0.1,157,1,4,1091,1293,1950,11,2,6,0,1,1,1,371.86
1652,0,0.6,1,4,1,40,1.0,198,7,6,352,1084,3592,7,6,6,1,0,0,3,718.21
912,0,0.5,1,0,0,58,0.3,107,5,1,165,1723,3573,17,3,20,1,1,0,3,664.61
1181,0,2.3,0,12,1,61,0.6,116,2,16,385,831,2020,6,0,18,1,1,0,1,671.28
1497,1,0.7,0,5,0,32,0.7,92,3,9,1920,1933,1329,6,1,7,1,1,0,2,441.13
1790,1,2.3,1,3,1,49,0.5,100,3,11,396,1980,3568,6,2,18,1,0,1,3,872.71
1742,1,1.6,0,3,0,49,0.8,100,1,9,1134,1469,1947,5,4,6,1,0,1,2,533.15
1549,1,0.5,0,4,0,8,0.4,158,5,7,721,1514,1998,12,7,15,1,1,0,2,407.52
1372,1,2.7,0,7,0,34,0.4,193,4,17,687,937,725,11,3,20,1,0,0,0,457.94
1112,0,0.5,0,0,1,12,0.9,190,4,6,777,1119,3302,11,0,20,1,1,1,3,547.36
1005,0,0.5,0,0,0,46,0.4,133,8,17,176,1556,3884,17,0,20,0,1,1,3,787.75
783,1,1.7,1,9,1,27,0.3,150,6,11,458,1263,1185,15,4,6,1,1,1,0,504.04
1698,0,2.5,0,10,1,26,0.4,105,2,18,485,1819,1656,5,3,17,1,0,1,2,570.33
899,1,2.7,0,3,1,53,0.3,192,4,11,641,1638,2870,19,16,10,1,0,1,2,812.8
1062,0,1.5,0,3,0,45,0.2,151,3,4,798,1435,911,14,2,9,0,0,0,0,367.5
989,1,2.0,0,4,0,17,0.2,166,3,19,256,1394,3892,18,7,19,1,1,0,3,812.05
1983,1,1.2,1,6,1,27,0.6,125,1,11,370,1197,3897,12,10,10,1,1,1,3,770.38
1800,1,3.0,0,5,0,53,0.3,87,1,12,191,1108,656,14,10,18,0,0,1,0,401.76
1254,0,1.7,0,0,1,45,0.4,146,3,3,1571,1956,606,7,2,2,1,1,1,1,409.95
868,0,1.7,0,0,0,30,0.8,83,4,0,276,1026,1653,11,7,17,1,0,0,1,372.89
1205,0,0.5,1,3,0,12,0.6,175,4,6,573,614,860,14,1,14,1,0,1,0,291.14
1284,1,2.8,1,0,0,10,0.9,155,2,14,160,516,2197,16,2,9,0,1,1,1,507.34
626,0,0.7,1,2,1,23,0.5,187,2,9,90,1334,3458,7,5,11,1,0,1,2,674.15
1763,0,2.9,1,1,1,53,0.2,101,4,20,138,806,2066,12,9,17,1,1,1,1,681.28
694,1,1.8,1,15,0,36,0.4,193,4,20,983,1230,3676,12,8,5,1,0,1,3,874.77
1265,0,0.6,1,4,1,49,0.5,90,1,5,275,687,1518,16,11,8,1,0,1,1,539.4
816,1,0.5,0,4,0,14,0.9,198,3,13,149,558,1018,17,10,15,1,0,0,0,347.91
904,0,1.8,0,3,1,35,0.4,168,3,4,42,507,1360,15,12,11,1,0,0,0,445.46
979,0,0.5,1,0,1,5,0.5,164,7,2,793,1670,3449,5,2,14,1,0,0,3,636.66
1531,0,2.0,0,0,1,60,0.4,162,6,1,625,765,2524,13,11,7,1,0,0,2,596.87
934,0,2.0,1,2,0,30,0.7,182,8,15,521,1190,703,10,8,7,0,0,1,0,437.05
1624,1,2.6,1,0,0,58,1.0,200,3,11,1530,1744,1251,13,4,18,0,1,1,1,520.29
874,0,1.3,0,5,0,8,0.5,185,1,20,442,1248,582,6,4,15,0,0,0,0,294.36
1027,1,2.2,0,0,0,63,0.8,102,5,4,152,714,1732,8,5,13,0,1,1,1,534.05
1966,0,0.8,1,15,1,48,0.2,144,1,16,1242,1973,1252,6,4,19,1,1,1,2,601.24
1048,1,1.5,0,2,1,29,1.0,182,1,4,29,1670,2146,11,10,2,1,0,0,1,541.1
1496,1,1.9,1,13,0,38,0.1,126,4,14,501,506,1927,17,4,6,0,0,1,1,605.62
959,1,1.7,0,15,0,13,0.4,155,4,16,87,736,3328,10,9,10,1,1,1,2,709.32
1349,1,2.2,1,5,0,55,0.1,105,7,7,648,1019,2462,15,7,17,1,0,1,2,691.3
1689,1,2.4,1,0,1,13,0.9,168,2,9,521,674,1172,12,11,17,1,1,1,0,411.23
1558,1,2.4,0,0,1,27,0.1,146,1,1,120,1409,3598,9,2,12,1,0,1,3,661.24
582,0,0.5,1,3,0,27,0.2,168,3,10,985,1420,2437,19,2,2,1,1,1,2,544.97
1485,0,2.8,0,3,1,44,0.1,138,4,14,341,774,3271,14,12,8,1,1,0,3,827.22
1991,1,1.8,0,11,0,9,0.7,94,3,12,751,1377,1511,17,8,9,0,0,0,1,503.64
553,0,0.5,1,2,1,23,0.5,119,3,3,993,1517,2981,7,3,14,1,0,0,2,579.94
1231,0,0.7,1,2,0,7,0.9,113,1,7,43,1663,3119,9,4,15,1,1,0,3,545.49
805,0,0.8,0,1,0,34,0.6,88,6,2,1262,1538,3647,18,11,9,1,0,1,3,623.21
764,1,1.2,1,1,0,13,1.0,152,8,2,361,511,3148,18,7,6,1,1,0,2,557.84
894,0,0.9,0,5,1,54,0.2,130,3,15,104,541,2829,11,5,13,1,0,1,2,744.14
1589,0,2.6,0,9,0,46,0.4,84,3,16,618,940,2373,11,9,20,1,1,0,2,692.85
1456,0,1.6,1,9,1,39,0.1,80,8,10,815,1666,3998,6,3,13,1,1,0,3,891.27
743,0,0.5,1,0,1,33,0.3,95,2,1,1587,1659,316,19,10,4,1,0,0,0,301.58
1061,1,2.1,0,3,1,52,0.1,109,7,4,138,1330,999,16,12,9,1,1,0,0,511.18
1428,1,1.6,0,0,0,7,0.1,153,4,2,584,983,1808,12,8,13,0,1,0,1,409.99
674,1,2.8,1,0,1,8,0.2,93,3,0,750,772,589,18,6,4,1,1,0,0,274.67
832,0,1.1,0,0,1,46,0.3,93,6,0,820,1366,3317,8,0,19,1,1,0,3,657.63
1625,1,0.5,1,2,1,50,0.1,107,8,17,8,1219,670,16,3,8,1,0,0,0,474.16
907,0,1.4,1,3,0,42,0.2,151,1,16,171,507,584,11,9,6,1,0,0,0,304.16
1631,0,0.5,0,2,1,13,0.5,166,2,16,960,1735,2173,12,3,8,1,1,0,2,538.1
1584,1,1.3,0,6,0,41,0.6,135,4,15,160,1291,1561,10,5,17,0,0,1,1,425.88
1382,1,0.5,0,7,1,13,0.3,199,2,18,612,719,2073,16,7,9,1,0,1,1,486.1
633,1,1.4,0,0,1,46,0.7,102,6,10,709,1915,1401,19,14,11,1,1,0,1,514.44
1444,1,2.1,0,9,0,38,0.4,104,7,16,624,917,3764,14,9,10,0,0,0,3,858.14
852,1,1.6,1,6,1,54,0.4,147,5,7,538,730,1275,13,7,12,1,0,1,0,502.79
922,1,0.7,0,0,1,47,1.0,157,8,14,1295,1808,1464,17,4,12,1,0,1,1,521.28
1745,0,1.5,1,4,1,57,0.1,159,3,16,1164,1908,2885,13,11,5,1,1,1,3,852.86
862,0,2.3,0,9,1,6,0.1,107,8,14,829,1977,3458,9,4,9,1,1,1,3,750.41
1754,1,2.1,1,1,1,52,1.0,101,4,3,199,1452,3019,11,6,19,1,0,1,3,829.54
1008,0,2.5,0,3,0,36,1.0,109,1,14,825,1972,1083,6,4,6,0,0,0,1,411.01
1569,0,0.5,1,3,0,33,0.2,147,1,13,519,930,3538,18,1,15,1,0,1,3,717.11
1596,0,2.9,1,7,0,7,0.7,149,2,9,169,1190,2493,14,12,13,1,1,1,2,596.98
1807,1,0.5,1,2,1,61,0.1,134,6,6,1734,1968,3726,8,5,15,1,0,0,3,838.59
1660,0,2.8,1,4,0,7,0.8,184,1,6,76,1165,1531,12,0,7,0,0,0,1,351.94
1861,1,0.9,0,4,1,55,0.5,148,7,8,1698,1877,601,7,5,4,1,0,0,1,479.85
648,0,1.9,1,4,0,8,1.0,91,5,19,819,1997,2991,8,7,4,0,0,1,2,637.8
1379,0,0.5,1,1,0,19,0.3,134,8,17,387,671,3912,11,2,19,0,1,1,3,670.62
1910,1,1.7,0,0,0,34,0.6,115,2,0,985,1284,309,8,4,10,0,0,1,0,284.88
1807,0,2.0,1,0,1,13,0.5,155,8,0,970,974,323,9,3,3,1,1,1,0,335.33
1923,0,0.5,1,7,0,46,0.5,191,1,10,767,1759,1489,10,9,3,1,1,1,1,551.15
1345,1,3.0,0,7,1,38,0.1,162,3,11,512,1465,1322,9,2,15,1,0,0,1,524.37
904,0,1.6,1,5,1,14,0.2,102,8,9,56,760,1846,7,0,3,1,0,1,1,522.89
1239,0,1.2,1,5,1,52,0.9,122,2,10,590,661,417,8,0,6,1,0,1,0,418.95
1330,0,0.9,0,6,1,52,0.8,84,4,12,462,1304,3269,19,6,8,1,1,0,3,759.36
516,1,0.7,1,1,0,30,0.9,138,1,12,126,698,3731,17,13,15,0,0,0,2,676.81
672,1,0.5,1,0,0,54,0.9,95,4,11,578,1143,667,17,8,14,0,0,0,0,350.41
892,1,0.5,0,0,1,47,0.4,94,1,18,655,1782,1241,12,3,9,1,0,1,1,462.14
1778,0,0.5,0,0,1,23,0.5,101,6,11,1028,1445,3941,19,6,13,1,0,0,3,791.15
1130,1,2.5,0,4,1,58,0.1,132,5,14,88,1261,1018,17,1,16,1,0,0,0,535.08
1359,0,0.6,0,4,0,59,0.3,86,2,6,1692,1902,3142,19,3,17,0,1,1,3,653.87
1866,1,2.5,1,3,1,47,0.8,89,5,9,358,1782,1444,7,4,20,1,0,0,1,596.7
1597,0,2.3,0,11,0,34,0.4,89,1,14,64,1667,934,16,10,9,0,1,0,0,435.53
1046,1,2.8,1,0,1,58,0.2,100,8,0,259,1040,3863,17,12,9,1,1,1,3,805.99
1035,0,0.6,1,2,1,44,0.5,99,3,3,236,1960,3506,14,5,12,1,1,0,3,699.63
1175,1,1.3,0,2,0,19,0.3,164,7,9,873,1394,1944,9,4,9,1,1,0,1,502.89
1261,1,0.5,1,0,1,11,0.2,90,4,0,858,1591,348,14,9,14,1,0,1,0,257.83
1068,0,0.7,1,9,0,51,0.5,124,4,15,1405,1910,550,12,8,6,1,1,0,0,459.42
1713,0,3.0,1,5,1,20,0.9,104,7,17,237,890,971,11,10,10,1,0,0,0,496.88
1688,0,2.5,0,0,1,21,0.2,170,7,0,650,864,3984,17,14,8,1,1,1,3,799.74
1413,1,0.5,1,4,1,45,0.4,104,5,6,1949,1994,2973,17,8,15,1,0,1,3,704.24
559,1,0.5,0,10,0,11,0.4,82,5,14,541,823,2019,10,4,16,1,1,1,1,459.31
1483,1,2.6,1,13,0,19,0.6,146,7,19,361,1552,1587,9,4,19,0,0,0,1,627.53
860,1,1.6,1,13,0,48,0.5,187,7,18,335,1463,1870,17,2,18,1,0,0,1,697.16
1090,0,1.3,1,5,0,27,0.1,91,4,16,1638,1910,1352,5,1,11,0,1,0,1,533.52
686,1,0.5,0,11,0,3,0.3,91,6,15,1109,1392,570,7,6,19,0,1,0,0,320.91
818,0,1.3,0,14,0,43,0.9,177,6,15,111,510,546,12,6,7,1,1,1,0,440.39
1456,0,1.6,1,5,0,49,0.2,193,3,20,1285,1427,3624,12,11,16,1,1,0,3,827.3
774,0,0.5,1,2,1,10,0.5,188,2,9,1480,1731,2944,8,6,2,1,1,1,2,613.17
1068,0,0.5,1,0,1,19,0.9,197,8,9,322,875,1209,19,12,12,1,1,0,0,392.94
1373,1,1.9,1,1,1,29,0.9,141,6,12,1220,1348,2752,15,2,7,1,1,1,3,697.97
1777,1,3.0,0,3,0,20,0.6,188,6,5,511,616,3868,5,1,7,0,1,1,3,808.89
594,0,0.8,0,2,1,28,0.1,132,5,3,1011,1263,3087,16,4,4,1,1,1,2,611.22
1524,0,2.6,1,5,0,57,0.5,124,2,12,629,635,947,11,4,16,0,1,1,0,473.25
511,1,0.6,1,12,0,50,0.1,175,3,16,140,622,1484,9,7,8,1,0,0,0,502.61
1402,1,0.6,1,3,0,46,0.3,87,7,12,1081,1767,347,17,0,12,1,0,1,0,409.14
965,1,0.5,0,15,0,53,1.0,131,8,19,297,653,3227,12,6,8,1,0,0,2,766.73
1270,1,2.3,0,0,0,58,0.5,104,5,1,1512,1716,3299,13,4,16,0,0,1,3,757.74
919,0,0.5,1,11,0,13,0.3,159,1,15,275,570,1028,8,4,17,1,0,0,0,378.26
1963,1,1.0,0,16,1,34,0.1,157,2,17,1136,1813,714,18,2,2,1,0,1,1,499.24
1977,0,1.3,1,2,0,31,0.4,173,8,6,1145,1356,2641,8,2,7,0,0,0,3,654.17
1881,0,2.2,0,4,0,51,0.3,158,5,7,477,1553,1229,12,0,14,1,0,0,1,521.7
683,0,0.7,0,5,0,19,0.9,173,4,17,954,1985,2622,16,3,5,0,0,1,2,533.53
772,0,2.6,1,7,0,6,0.1,100,2,10,741,1471,929,13,6,18,0,1,1,0,375.2
536,1,1.4,0,0,1,53,0.7,135,3,0,547,705,1211,15,10,7,1,0,1,0,419.41
1694,0,1.8,0,0,0,53,1.0,186,6,0,1194,1208,1653,7,5,6,1,0,0,2,468.98
1633,0,1.7,1,3,1,33,0.9,111,2,19,146,906,511,9,0,7,1,1,0,0,387.6
1371,0,0.5,0,4,0,52,0.5,167,4,19,471,663,3034,13,6,8,0,0,0,2,655.55
551,1,2.8,0,0,1,54,0.1,172,7,15,169,1916,1414,6,1,19,1,0,1,0,615.3
1221,0,0.5,0,1,1,28,0.5,139,1,7,1895,1976,2438,13,11,10,1,1,1,3,564.49
1000,1,0.5,0,12,0,63,0.7,179,8,18,1537,1761,3744,11,1,7,0,0,1,3,858.89
1986,0,2.7,1,3,1,64,0.2,162,4,20,236,1520,1377,5,3,15,1,1,1,1,694.68
1119,0,0.5,1,0,1,23,0.4,164,4,1,821,915,3520,7,4,7,1,0,0,3,639.8
1699,0,0.5,1,1,0,59,0.5,97,4,3,466,1768,3796,17,10,12,0,1,1,3,777.55
1099,0,0.5,0,13,1,61,0.3,146,3,20,393,1096,1699,17,10,3,1,1,1,1,665.02
1576,0,2.6,0,7,0,58,0.2,90,3,16,400,631,336,14,8,13,1,1,1,0,474.88
950,1,0.5,0,9,0,55,0.1,156,5,10,774,843,1095,14,12,13,0,1,0,0,404.25
1081,1,2.5,1,13,0,49,1.0,99,3,17,284,519,325,9,1,6,0,0,1,0,444.84
606,0,2.5,0,1,1,53,0.2,146,4,2,465,1152,1223,19,12,7,1,0,0,0,412.0
502,0,1.5,1,7,0,37,0.2,199,2,12,705,1810,1649,6,1,14,0,1,0,1,482.5
957,1,0.7,0,0,1,4,0.1,160,2,0,38,1682,1898,12,4,3,1,1,0,1,361.32
1658,1,1.4,1,0,1,38,0.3,159,5,0,51,739,2609,12,11,19,1,0,0,2,634.53
1681,1,2.5,1,6,0,18,0.3,167,1,7,850,1005,2265,5,3,20,1,1,1,2,559.32
1983,1,0.5,1,3,0,43,1.0,87,6,10,349,676,2775,9,4,3,0,1,1,2,658.34
1753,0,1.2,0,8,1,12,0.9,113,7,17,387,1595,1445,17,16,12,1,1,1,1,506.11
1632,1,1.4,0,0,0,41,0.1,132,4,1,706,1623,2614,5,4,15,1,0,0,2,582.13
1949,1,1.4,0,7,0,57,0.3,145,7,11,951,1178,356,5,3,19,0,0,0,0,439.08
1696,0,1.7,0,1,0,13,0.9,97,3,2,179,772,523,5,0,4,0,1,1,0,264.38
688,0,2.5,1,0,0,57,0.8,131,7,3,426,1964,3745,17,1,4,0,1,0,3,843.97
1104,0,1.7,0,1,1,60,0.4,199,2,13,653,1413,1229,6,0,3,1,1,1,0,511.48
1122,0,2.8,0,0,0,28,0.6,184,3,4,1578,1963,1402,14,10,3,0,1,0,1,446.96
504,1,0.5,1,2,1,46,0.9,172,5,14,280,1795,2085,13,5,8,1,0,0,1,590.23
1154,0,0.5,0,12,1,14,0.7,156,7,14,251,1801,587,8,3,4,1,1,1,0,361.91
1727,0,2.1,0,2,1,63,0.6,85,7,8,1463,1992,2457,19,13,7,1,0,1,3,813.69
1674,0,2.8,1,0,1,52,0.2,89,3,7,1432,1649,2030,7,0,6,1,0,0,2,654.13
1948,0,2.8,1,5,1,18,0.2,135,2,14,477,571,816,16,2,3,1,0,0,0,422.78
1218,1,2.8,1,3,0,39,0.8,150,7,14,1122,1746,1667,10,0,12,0,0,0,1,581.04
531,0,1.1,0,10,0,63,0.7,189,7,14,145,1903,2958,17,1,19,0,1,0,2,693.0
1057,0,2.1,0,4,0,5,0.5,154,5,13,416,1055,3705,6,4,13,1,0,0,3,648.32
576,0,1.2,0,1,0,30,0.8,162,8,5,847,893,2800,11,6,16,0,1,1,2,601.92
1960,1,2.1,0,1,0,7,0.2,165,7,9,868,877,3773,11,9,6,0,1,1,3,683.38
673,1,1.7,1,3,1,22,0.1,88,1,5,594,1088,2050,7,2,17,1,1,0,1,480.86
718,0,0.7,1,0,1,21,0.8,88,1,7,518,830,1754,17,11,9,1,0,1,1,404.46
864,0,1.7,0,3,1,35,0.3,103,3,7,663,1805,1904,12,8,13,1,1,1,1,523.99
547,0,1.9,1,1,0,37,0.4,154,5,4,371,541,2705,17,3,10,1,1,0,1,577.48
623,1,0.9,0,1,1,3,0.1,102,8,7,1749,1781,3537,16,13,3,1,0,1,3,754.09
1793,0,0.7,1,11,0,27,0.4,154,5,13,586,722,1370,16,3,19,1,0,1,1,453.5
1720,1,0.7,1,0,0,19,0.1,137,2,3,409,646,1222,13,2,7,0,0,0,1,366.12
812,0,0.5,1,1,0,64,1.0,106,4,7,35,1309,3102,6,0,2,0,0,0,2,669.54
980,1,0.5,0,0,1,33,0.9,160,6,0,1008,1758,2268,7,5,4,1,1,0,2,519.4
643,0,1.0,0,9,1,18,0.2,187,8,12,442,1079,2648,7,5,18,1,1,1,1,626.01
1925,0,3.0,1,0,1,16,0.8,175,8,11,983,1087,2173,7,3,19,1,1,0,2,672.85
1408,1,2.5,0,3,0,32,0.1,151,4,6,875,982,3162,19,18,3,1,0,0,3,649.45
1522,1,0.7,1,4,0,28,0.2,124,1,5,952,1191,1368,14,5,17,1,0,1,1,451.87
587,1,2.5,0,16,1,51,0.6,111,1,17,244,1361,2746,10,4,7,1,0,1,2,713.12
1959,0,0.5,1,5,0,18,0.7,191,6,20,65,1055,619,7,4,8,1,1,1,0,412.54
1872,0,0.5,1,3,0,17,0.7,89,6,6,1749,1767,724,17,3,9,1,0,1,1,341.85
1043,1,0.5,0,7,0,42,0.1,111,3,8,716,1626,912,16,9,6,0,1,0,0,387.61
1809,0,0.5,0,6,0,23,0.7,123,6,19,433,1661,2784,12,6,20,1,1,1,3,599.59
1703,1,0.5,0,5,1,23,0.2,92,6,7,134,521,793,7,3,17,1,1,0,0,376.32
1095,1,0.5,0,4,0,45,0.5,197,1,5,179,1247,560,9,1,10,1,1,0,0,346.02
1414,0,2.6,0,1,0,27,0.6,137,4,20,804,1564,312,5,2,8,0,0,1,0,384.88
1659,1,2.5,0,2,0,41,0.1,88,7,18,787,1515,545,12,0,9,0,1,1,0,489.16
1540,0,0.7,1,1,0,60,0.8,197,7,12,704,822,1591,19,0,2,1,0,1,1,523.73
1342,0,1.0,0,0,1,31,0.6,86,7,1,991,1638,2746,15,5,10,1,1,0,3,585.97
1189,1,2.3,0,13,0,8,0.5,198,3,14,379,932,893,9,6,13,1,1,0,0,343.09
518,1,2.4,0,0,1,62,0.6,128,6,0,489,710,2514,16,12,7,1,1,1,1,630.24
1449,0,0.8,1,3,1,10,0.2,144,1,12,1518,1883,1032,10,0,8,1,1,1,1,410.08
516,0,1.1,1,0,1,39,0.4,91,5,7,855,1401,819,8,0,10,1,1,1,0,438.83
1569,0,0.8,1,8,0,59,0.9,111,3,16,1261,1383,3672,15,2,15,1,0,1,3,994.68
1312,1,0.8,1,0,0,24,0.9,156,6,0,115,1791,3833,14,13,17,0,1,0,3,621.16
1893,1,0.5,1,1,0,23,0.1,179,8,3,1203,1432,1482,15,7,17,0,1,0,2,452.37
1076,0,2.5,0,3,0,14,0.2,105,5,4,545,1300,2043,7,5,14,0,0,0,1,482.11
530,1,2.6,0,1,0,40,0.9,118,6,2,818,1090,1229,16,11,2,0,1,0,0,432.41
1044,1,2.8,1,7,0,33,0.6,129,4,13,42,1262,1816,17,16,15,1,0,1,1,577.49
1330,0,1.1,0,11,0,37,0.7,126,7,20,1103,1637,2166,10,1,4,1,0,0,2,642.03
1836,0,1.1,1,0,0,14,0.7,104,5,1,168,1068,2469,18,6,7,1,1,1,2,502.73
1741,1,0.5,0,1,1,55,0.1,140,5,3,719,755,2575,13,10,7,1,1,1,2,623.13
1869,0,2.6,0,0,1,30,0.4,152,1,13,163,874,1375,15,3,19,1,0,0,1,421.9
1331,0,0.5,0,8,0,55,0.9,146,3,15,1162,1531,1732,6,2,11,1,0,1,1,529.15
1655,1,0.5,1,6,1,4,0.1,105,3,12,626,1348,673,10,3,12,1,0,0,0,348.89
605,0,1.5,0,9,1,18,0.9,162,2,14,329,656,2301,15,9,8,1,0,0,1,532.41
1245,1,0.6,0,2,0,30,0.7,105,5,3,330,1434,2676,17,8,7,1,0,0,2,508.31
1709,1,0.8,0,8,1,58,0.8,136,2,10,956,1292,1781,18,3,17,1,0,0,2,599.74
846,1,2.6,0,0,1,58,0.1,123,4,15,1140,1983,2248,16,8,13,1,0,0,2,710.81
1403,1,2.5,1,3,0,62,0.9,90,4,13,217,1623,921,14,13,18,1,0,0,0,515.48
688,1,1.5,0,0,0,2,1.0,89,3,2,271,869,391,5,2,8,1,1,1,0,176.47
775,1,2.5,1,1,1,10,0.1,185,7,14,444,1555,1719,19,3,18,1,1,1,1,583.21
1154,0,2.0,0,6,1,35,0.8,159,5,16,1003,1827,3262,16,15,16,1,0,0,3,842.65
1375,0,0.5,1,2,1,35,0.1,194,2,3,227,772,1947,15,13,15,1,1,1,1,520.11
1827,1,0.8,0,4,0,61,0.9,130,7,9,253,1764,2693,8,3,7,0,1,1,3,732.32
1697,0,0.5,0,0,1,60,0.1,90,4,0,88,1046,441,15,1,11,1,1,0,0,393.83
741,0,1.5,0,1,0,14,0.3,178,5,13,334,594,1886,19,11,9,1,1,1,0,488.32
1672,1,0.5,1,13,1,32,0.7,174,1,20,1281,1896,1267,17,4,20,1,1,0,1,570.59
514,1,0.7,0,4,0,57,0.1,186,3,7,168,1320,687,6,0,20,1,1,1,0,392.48
1375,1,1.3,1,2,0,12,0.1,105,1,13,898,1687,2890,17,1,12,0,0,0,3,578.51
989,1,1.8,1,4,1,55,0.7,124,1,12,46,1069,1737,8,5,10,1,0,1,1,534.54
1510,1,2.5,1,11,0,47,0.7,138,2,13,118,1170,887,18,6,5,0,0,0,0,491.94
1266,0,2.6,0,1,0,18,0.4,86,7,2,1187,1595,398,16,8,3,1,1,1,0,319.23
1396,0,2.4,1,0,0,46,0.1,138,7,1,1191,1347,2389,7,3,15,0,0,1,2,612.36
808,0,2.3,0,3,0,45,0.8,161,1,9,526,1324,3431,15,6,13,0,1,1,3,737.45
1542,0,2.3,0,1,0,43,0.8,182,2,11,346,966,3601,14,4,16,0,0,0,3,750.41
745,1,0.6,1,5,0,35,0.8,102,8,10,89,1538,2459,14,1,16,1,1,0,1,611.51
1735,1,1.9,1,0,1,59,0.7,148,6,0,137,846,3230,6,1,9,1,1,0,3,739.31
586,0,0.5,1,1,0,57,0.3,188,2,5,1226,1389,3646,15,4,11,1,1,1,3,670.32
1341,1,2.1,1,0,0,36,0.4,107,8,1,473,574,2200,18,14,15,0,1,0,1,556.46
781,1,1.3,1,1,0,64,0.2,88,2,7,368,607,3862,17,10,9,0,0,0,3,760.03
501,1,0.5,1,14,0,22,0.5,174,6,20,239,1636,3077,17,3,17,0,0,0,2,663.93
1224,1,1.8,1,2,1,44,0.2,139,2,9,622,709,621,11,4,14,1,1,1,0,443.94
1970,0,1.6,1,11,1,58,0.3,80,8,19,654,882,2372,14,12,2,1,1,0,2,779.17
618,1,2.2,1,0,1,63,0.9,138,2,1,853,1781,2574,14,3,5,1,1,0,2,642.57
1537,0,2.9,0,11,1,46,0.8,158,4,17,686,1305,2857,17,14,2,1,1,1,3,754.32
1018,0,2.2,0,8,0,16,0.6,153,8,10,992,1433,3143,17,12,20,0,1,0,3,707.87
1545,0,1.3,1,15,1,35,0.1,173,5,20,115,1352,3197,14,9,6,1,0,1,3,812.71
1871,0,2.1,0,4,1,41,0.4,144,8,5,275,1966,2727,15,8,11,1,0,0,3,683.87
1729,1,2.1,1,1,0,12,0.9,186,1,6,461,1178,1519,9,4,5,1,0,1,1,384.7
680,1,2.1,1,9,1,9,0.1,131,3,11,1428,1500,2438,14,2,17,1,0,0,2,566.1
1106,1,1.9,0,4,0,54,0.7,107,3,9,614,1212,2674,9,3,9,1,0,1,2,641.84
635,1,0.6,1,1,1,50,0.3,97,5,13,193,989,2107,13,12,12,1,0,0,1,639.55
618,0,0.6,0,8,0,16,0.2,143,1,14,1105,1602,2262,16,15,4,0,1,0,2,491.06
1671,0,0.5,1,13,0,5,0.9,179,8,18,398,1263,815,16,6,10,1,1,1,0,395.26
1562,1,1.2,1,0,1,52,0.1,105,7,9,480,728,2829,13,10,3,1,1,1,2,634.06
1975,1,1.9,1,2,0,31,0.9,151,1,17,775,1607,3022,13,5,19,0,0,1,3,640.72
831,1,0.7,0,2,1,62,0.7,134,8,9,1482,1490,2573,16,12,18,1,0,1,2,683.04
1524,1,1.8,1,0,0,10,0.6,174,4,1,154,550,2678,16,5,13,1,0,1,2,492.26
1528,1,1.8,1,3,1,55,0.8,129,5,6,454,1762,1282,11,9,11,1,1,1,1,604.13
1447,1,2.5,1,2,0,9,0.2,155,8,16,737,1455,568,12,11,8,0,0,0,0,404.43
1344,0,1.5,0,1,0,14,0.5,190,1,3,419,556,2074,8,1,5,1,1,0,1,435.78
564,0,3.0,1,1,0,8,0.7,130,2,3,853,1737,2227,9,2,14,1,0,1,1,448.1
921,0,0.6,1,1,0,60,0.1,83,2,3,1211,1229,1080,10,0,6,0,0,1,0,432.68
1413,1,1.7,0,2,0,10,0.2,200,6,6,314,1606,2867,5,4,15,0,1,0,2,554.97
831,0,2.4,0,10,0,55,0.5,86,6,12,172,1239,1075,12,11,3,1,1,0,0,532.61
802,0,0.5,1,3,0,43,0.6,153,5,6,527,734,3063,17,13,4,0,1,0,2,681.56
1923,0,1.3,0,3,0,24,1.0,86,4,4,874,1264,2479,9,2,15,1,1,0,2,467.08
1193,1,3.0,0,10,0,56,0.4,196,3,17,674,864,2394,19,11,14,1,1,0,2,611.85
904,1,1.2,1,10,1,31,0.8,112,3,11,657,1014,2814,13,3,19,1,0,0,2,631.86
1285,0,2.4,0,1,1,51,1.0,140,7,2,475,500,2094,8,0,10,1,0,0,1,623.28
1635,0,2.6,1,0,1,2,0.6,182,4,0,1209,1411,2315,10,1,2,1,1,0,2,526.28
1923,0,1.0,1,5,1,14,0.9,154,4,6,15,525,2519,13,0,16,1,0,1,2,590.58
1851,1,1.9,1,3,1,12,0.9,198,6,11,293,1967,735,7,6,14,1,0,1,0,414.55
727,1,1.5,0,0,1,32,1.0,131,7,1,813,1377,1891,19,13,7,1,0,1,1,543.08
1396,0,1.5,1,0,1,44,0.1,118,6,1,173,1843,1386,7,1,8,1,1,1,1,528.75
877,0,1.3,1,9,1,46,0.8,135,1,14,457,652,3260,14,12,6,1,0,0,2,741.33
696,1,2.4,0,11,1,35,0.2,103,3,13,533,797,2022,14,11,4,1,0,1,1,638.49
1009,1,1.0,1,2,0,2,0.6,102,8,14,912,1043,1716,7,5,15,0,0,0,1,434.57
1526,0,1.1,1,2,1,38,0.3,116,5,6,798,1418,3317,7,1,8,1,1,1,3,699.97
987,0,2.0,1,1,0,20,0.8,192,7,3,412,565,1454,11,3,8,1,1,0,0,439.99
1414,1,2.2,1,0,1,49,0.5,101,4,1,130,887,2290,13,0,12,1,1,0,1,600.29
1732,0,0.8,0,2,0,61,0.3,172,5,3,201,656,3940,17,11,20,0,1,1,3,785.04
1587,1,0.5,0,0,0,50,0.9,148,8,15,299,874,461,17,4,4,1,0,1,0,431.76
1097,0,0.8,0,10,1,21,0.1,160,7,15,1277,1352,2219,15,6,12,1,0,1,2,525.34
504,0,2.8,1,0,0,40,0.5,178,3,0,626,1195,470,6,0,16,1,0,0,0,276.5
1159,0,2.7,0,13,1,28,0.2,80,8,18,378,751,2495,10,0,9,1,1,1,2,714.4
1910,0,1.4,0,0,0,29,0.6,146,7,2,333,639,2944,8,7,2,1,1,1,2,602.32
865,0,1.2,1,8,0,59,0.1,159,3,9,805,1804,2361,16,11,19,1,0,1,2,633.63
1930,1,2.0,0,11,0,16,0.8,186,8,12,1901,1920,1783,17,3,13,0,0,1,2,556.01
860,1,1.3,1,8,1,40,0.7,170,3,13,1573,1581,2832,13,7,20,1,1,1,2,671.09
1268,1,2.9,0,9,1,42,0.9,182,6,17,360,912,931,11,5,20,1,1,0,0,537.69
999,1,1.8,1,0,1,27,0.1,167,4,1,20,745,1344,17,10,5,1,0,0,0,471.98
622,0,0.7,0,0,1,9,0.3,127,2,0,98,511,3916,13,1,5,1,0,1,2,681.09
1250,1,1.4,0,8,0,44,0.2,182,7,20,703,1011,1882,14,1,14,0,0,0,1,596.91
763,1,0.5,0,9,1,51,0.3,104,5,12,273,1278,2865,11,6,9,1,1,1,2,686.51
1100,1,1.6,0,12,0,15,0.1,112,8,14,919,1344,757,12,2,16,1,1,1,0,403.6
815,0,2.0,1,4,0,51,0.3,85,6,12,982,1291,3469,5,4,6,1,0,1,3,707.09
618,1,0.5,1,2,1,57,0.2,88,3,7,879,896,2399,18,15,17,1,1,1,1,612.99
553,1,2.2,1,0,1,18,0.7,136,2,1,1287,1892,3300,12,10,20,1,0,0,3,567.81
673,1,2.2,1,2,0,3,0.4,84,2,9,1109,1247,2719,19,2,9,1,1,1,2,509.5
563,0,2.0,1,3,0,47,0.3,115,7,12,211,684,3012,14,4,15,1,0,0,2,639.47
1590,0,1.5,1,12,1,14,0.5,187,4,15,1058,1109,2836,6,5,4,1,0,0,3,646.15
1031,1,2.1,1,2,1,11,0.1,121,2,9,532,1247,2385,11,7,16,1,0,0,2,521.47
909,1,0.5,1,9,0,30,0.4,97,3,10,290,773,594,12,0,4,1,1,1,0,357.39
1880,0,0.5,0,0,1,7,0.6,104,4,1,890,1019,2968,9,0,3,1,1,0,3,549.79
1479,1,1.8,1,0,1,24,0.1,146,6,0,327,645,3762,12,10,5,1,0,0,3,657.13
1271,0,1.5,1,0,0,2,0.9,161,1,1,1260,1788,892,15,13,20,0,1,0,1,264.88
709,0,1.9,0,11,1,13,0.1,81,8,15,570,1422,467,17,11,5,1,1,1,0,407.25
1744,0,2.8,0,0,1,62,0.7,158,1,0,621,1558,345,10,6,14,1,0,0,0,389.17
1314,1,2.2,0,0,1,40,0.8,116,7,1,328,1858,3033,9,8,17,1,1,1,3,704.46
1136,0,0.5,0,0,1,9,0.9,150,6,2,1307,1767,2110,9,5,16,1,0,1,2,423.19
1039,1,2.7,0,11,0,56,0.3,125,8,13,497,618,3105,14,8,5,0,1,1,2,826.49
1300,1,0.5,0,5,0,62,0.1,156,6,7,219,1037,874,15,3,10,1,1,0,0,440.94
732,1,2.3,1,7,1,39,0.6,188,7,11,1163,1554,3681,19,3,15,1,1,1,3,889.05
511,0,0.7,1,1,1,52,0.7,180,2,10,24,759,3865,8,3,7,1,0,1,2,763.3
1092,1,0.5,1,10,0,11,0.5,167,3,14,468,571,737,14,4,11,0,1,0,0,360.22
921,1,2.2,1,12,1,10,0.1,170,7,18,1272,1469,3153,8,2,11,1,1,0,3,805.56
1030,1,0.5,0,4,1,37,0.7,147,1,8,503,551,2800,8,6,12,1,0,1,2,605.87
1130,0,1.8,1,0,0,27,0.9,101,1,8,1495,1579,315,14,5,11,1,1,0,0,291.14
1299,0,2.8,1,2,0,60,0.8,187,8,6,1333,1838,1412,13,1,20,0,1,1,1,712.95
1009,1,2.8,1,7,1,2,0.6,115,7,15,267,1841,2286,19,8,13,1,0,0,2,695.45
1735,0,1.8,1,16,0,34,0.1,140,2,17,149,876,2392,17,15,19,1,0,1,2,615.01
1129,1,2.8,1,0,0,49,0.5,185,2,2,1070,1079,1857,8,4,5,1,1,1,1,485.61
708,0,1.9,0,0,0,26,0.3,116,7,1,206,620,1419,10,6,16,1,1,1,0,450.72
894,0,0.7,0,2,1,58,0.1,123,2,3,158,747,3305,12,7,2,1,0,0,2,641.24
530,0,2.4,0,1,0,32,0.3,88,6,20,48,1012,959,17,7,6,0,1,0,0,410.56
1481,1,2.0,1,0,0,35,0.5,105,3,0,249,522,2635,17,16,4,1,0,1,2,544.63
1068,0,2.7,1,0,1,45,0.6,194,5,1,935,1499,1754,17,7,9,1,0,1,1,584.52
1487,0,0.5,0,6,1,57,0.7,84,3,12,140,768,2563,18,4,14,1,0,0,2,664.14
1524,0,2.5,1,11,1,41,1.0,96,4,20,184,740,1936,7,0,9,1,1,1,1,660.24
1093,0,1.9,1,2,1,22,0.3,196,8,14,238,807,1869,8,5,4,1,1,1,1,562.04
1816,1,1.6,1,0,0,50,0.1,186,5,2,800,1089,3637,11,7,16,0,0,1,3,721.35
627,0,1.8,0,2,0,20,0.8,142,3,8,211,507,896,17,6,14,0,0,0,0,293.42
989,1,0.7,0,13,1,51,0.4,132,3,15,670,804,2349,10,1,20,1,0,1,1,777.46
1895,0,0.5,0,2,1,5,0.7,134,1,11,725,1335,774,15,4,6,1,1,0,1,326.92
805,1,1.7,1,0,1,58,0.9,168,3,10,81,1544,3397,7,6,2,1,0,0,2,785.14
713,1,1.6,0,7,1,2,0.4,181,8,9,1211,1378,485,10,6,4,1,1,1,0,342.84
864,0,2.5,0,10,1,24,0.7,148,4,15,1362,1378,3964,13,8,12,1,1,0,3,813.82
1177,0,0.9,0,1,0,11,1.0,181,4,7,945,1923,1887,8,5,11,1,1,1,1,411.3
582,0,0.5,0,8,0,32,0.7,107,3,11,1043,1702,2977,6,1,20,0,1,1,2,532.7
1898,0,1.8,1,3,1,56,0.2,185,7,4,444,739,2114,10,5,19,1,1,1,2,620.45
1158,0,0.7,1,1,1,29,0.7,123,2,20,311,1796,1542,17,9,15,1,0,1,1,457.19
1451,1,0.5,0,5,1,57,0.6,181,8,12,812,1456,3038,15,7,18,1,0,1,3,662.57
1820,1,1.4,0,5,0,51,0.9,163,7,10,202,1884,2481,11,9,11,0,0,0,2,612.57
984,0,0.5,1,3,1,9,0.8,140,3,20,531,707,841,18,15,16,1,0,0,0,394.11
580,1,2.1,1,0,0,24,0.4,135,4,5,404,898,3565,12,11,8,1,0,1,2,648.07
1263,1,2.0,0,0,0,5,0.4,146,6,3,954,1609,1958,9,6,4,1,1,1,2,487.32
1237,0,0.5,0,2,0,27,0.1,87,8,5,274,603,2454,14,0,8,1,1,1,2,532.54
514,1,1.6,0,7,1,37,0.1,172,1,9,956,1723,3392,12,8,5,1,1,1,3,738.86
1515,0,2.6,0,0,1,56,0.9,184,3,1,1438,1593,262,14,4,20,1,1,0,0,369.56
721,0,0.5,1,6,1,6,0.4,194,4,9,1446,1988,530,8,4,8,1,0,1,0,332.21
603,1,2.5,1,3,0,35,0.7,126,3,16,692,1057,3703,13,1,9,0,0,1,3,785.66
1426,1,2.5,0,2,1,55,0.4,109,1,7,777,1032,2562,5,1,3,1,0,0,2,614.59
1820,1,1.7,1,0,1,64,0.6,161,1,3,1157,1951,574,10,2,18,1,1,0,1,452.32
1215,0,1.0,0,4,0,16,0.1,130,4,8,454,1473,2632,7,1,15,0,0,1,2,555.37
697,0,2.7,1,5,1,20,0.4,173,2,6,478,1477,259,12,6,4,1,1,1,0,298.35
717,1,0.5,1,4,0,10,0.6,198,1,5,217,1106,688,10,7,15,0,1,0,0,224.21
1348,1,2.0,1,5,0,36,0.3,145,6,6,468,741,2554,19,1,12,0,1,0,2,576.94
1164,1,2.6,1,0,0,61,0.3,88,1,6,1107,1656,3859,11,10,17,0,1,0,3,770.43
578,1,0.5,0,9,1,62,0.3,170,5,13,626,1134,2977,15,12,5,1,1,1,2,760.16
1971,1,0.5,1,0,0,40,0.3,186,7,19,485,922,571,8,7,17,1,1,0,0,385.3
1794,1,0.5,1,5,1,55,0.5,86,7,7,43,627,402,14,7,14,1,0,1,0,435.41
1558,1,2.5,0,2,1,32,0.1,114,5,3,322,1385,878,16,5,17,1,1,1,0,456.74
1597,1,0.9,0,4,1,4,0.5,85,1,19,880,1145,2130,8,3,15,1,1,0,2,529.62
1240,0,1.6,0,0,0,39,0.1,146,2,9,1511,1756,3260,13,1,17,0,0,1,3,737.61
1994,1,0.8,1,2,1,7,0.6,88,8,4,667,711,454,11,8,6,1,1,0,0,327.75
1221,0,2.3,0,7,1,35,0.4,152,7,19,765,1899,2638,19,16,14,1,1,1,2,716.94
989,1,1.6,1,11,1,24,0.6,156,8,17,614,679,2819,16,13,5,1,0,1,2,812.93
1180,1,1.2,0,5,1,50,1.0,144,4,20,925,1252,1464,7,3,20,1,1,1,1,570.67
718,0,2.8,0,10,0,59,0.8,113,6,13,1185,1387,1824,11,9,3,1,1,0,1,701.14
1670,1,1.6,1,0,0,47,0.8,139,8,15,1706,1886,876,16,0,5,1,1,0,1,517.12
534,1,2.5,0,1,1,21,0.3,164,7,9,347,1477,2706,7,5,18,1,1,0,2,613.57
1566,1,0.5,1,0,0,20,0.5,126,2,0,1603,1930,659,14,9,13,1,1,1,1,266.21
1935,0,0.5,0,0,1,29,0.6,124,5,9,806,860,455,9,2,6,1,0,1,0,351.87
504,1,2.8,1,2,0,54,0.4,163,2,10,1207,1539,2378,17,11,2,1,0,0,2,547.83
913,0,1.7,1,1,1,41,0.3,103,1,14,431,1144,2278,15,3,18,1,1,0,1,613.69
1317,0,1.8,1,2,0,43,0.5,113,5,3,179,613,3436,16,13,5,0,1,1,3,774.96
917,1,0.5,0,1,1,31,0.5,88,6,2,423,909,3424,19,2,13,1,1,0,3,601.84
712,0,2.5,1,1,0,49,0.6,99,6,3,1131,1743,401,5,0,10,1,0,1,0,413.82
1083,0,1.0,0,6,0,52,0.9,126,2,20,925,1469,681,19,18,19,1,1,1,0,436.38
1039,0,0.6,0,5,1,6,0.1,136,6,8,62,544,3212,15,7,7,1,0,1,2,580.38
1747,0,0.5,0,4,0,13,0.7,185,6,12,800,873,3105,7,1,10,1,0,0,3,623.79
1449,1,0.5,1,0,0,52,0.6,105,6,0,211,947,2036,5,1,10,0,1,0,1,501.65
1872,1,0.5,1,14,0,49,0.2,139,7,18,81,1389,3153,16,15,5,1,1,0,3,857.69
1796,0,1.6,1,5,0,7,0.1,101,4,6,667,798,1642,9,4,3,0,1,1,1,423.4
1097,0,1.4,0,0,0,60,0.8,181,1,17,405,519,509,15,12,12,1,0,0,0,413.41
1562,0,0.5,1,1,1,20,0.8,172,8,10,678,1676,3465,16,11,6,1,1,0,3,687.91
1433,1,2.3,0,8,1,27,0.9,153,7,12,1619,1651,3900,18,16,2,1,0,1,3,922.01
740,0,1.8,0,1,0,12,0.2,123,1,11,935,1147,1105,7,6,19,0,1,1,0,318.73
676,0,2.2,0,1,1,39,0.2,84,1,5,864,1011,2064,13,7,6,1,0,0,1,499.69
503,1,1.8,1,1,1,13,0.7,131,1,4,1495,1688,3117,19,6,9,1,0,1,3,580.34
1020,0,1.5,0,13,1,7,0.7,96,3,18,870,1613,1142,13,9,8,1,0,1,1,438.79
896,0,1.0,1,3,1,4,0.3,111,1,4,1379,1469,1060,12,10,4,1,1,1,1,348.41
1824,1,0.8,0,4,1,19,0.9,143,2,5,1055,1738,2381,14,1,5,1,0,0,2,560.1
1512,0,0.6,1,1,1,54,0.4,134,3,2,220,1838,3366,7,3,11,1,0,1,3,746.41
1053,0,2.9,0,7,0,42,0.9,126,6,17,419,1261,1339,17,0,14,0,0,1,0,636.31
1944,1,1.8,1,0,1,31,0.8,87,4,10,1111,1362,2560,7,3,8,1,0,0,3,696.68
1174,0,0.7,1,1,1,25,0.8,91,2,8,1097,1461,285,19,7,3,1,0,1,0,308.21
627,1,1.6,1,3,1,12,0.2,131,7,17,447,819,2476,17,1,10,1,0,0,1,608.07
1602,0,2.7,0,4,1,46,0.6,118,1,5,273,1062,1862,16,9,2,1,0,1,1,528.54
1733,1,1.5,1,4,1,6,0.9,170,1,15,590,997,3488,6,4,10,1,1,1,3,684.35
586,0,1.4,1,10,1,8,0.5,142,8,14,116,598,3178,9,7,10,1,0,1,2,668.07
1528,0,2.4,0,2,0,37,0.2,156,8,3,306,564,733,15,0,14,1,1,0,0,467.57
875,0,0.7,0,2,0,23,0.1,110,7,7,300,1316,756,14,5,6,0,0,0,0,310.85
1602,0,0.6,0,12,0,58,0.4,170,1,13,1259,1746,3622,17,2,17,0,1,1,3,810.3
1426,0,1.6,0,4,1,12,0.7,174,5,16,1573,1694,1277,14,9,5,1,0,0,1,509.71
1370,0,1.4,0,5,1,6,0.2,158,6,8,1392,1783,3703,13,10,11,1,1,0,3,620.99
609,1,0.5,0,4,1,10,0.1,81,6,6,113,1524,1905,16,3,18,1,1,1,1,385.54
840,0,1.2,1,5,1,15,0.3,178,6,8,526,1728,2636,12,2,6,1,1,0,2,607.56
991,0,2.0,0,2,1,12,0.3,158,5,6,1209,1678,2014,11,9,10,1,0,0,2,503.25
1724,1,1.8,0,0,1,9,0.8,100,2,1,655,828,3056,18,16,6,1,0,0,3,561.15
584,1,1.8,0,0,1,19,0.3,168,3,0,1123,1622,465,12,8,4,1,1,0,0,245.66
860,1,1.3,1,1,1,49,0.7,141,6,13,692,979,3869,16,14,20,1,1,1,3,829.35
1541,1,2.8,1,10,1,28,0.2,165,5,15,796,1052,1108,12,1,7,1,0,1,1,635.84
615,1,0.5,1,7,0,58,0.5,130,5,8,1021,1958,1906,14,5,5,1,0,0,1,584.64
912,1,2.8,1,6,1,46,0.4,84,4,11,995,1310,851,8,4,4,1,1,1,0,521.75
1278,1,1.2,0,10,1,60,0.6,172,7,14,1244,1504,3142,11,4,19,1,0,1,3,813.86
1365,0,0.6,0,0,1,31,0.3,125,4,0,293,970,1300,14,7,13,1,0,1,0,388.97
1702,0,1.0,0,7,0,36,0.1,177,5,9,1240,1931,1430,8,6,10,0,0,0,2,431.46
589,1,0.5,0,1,1,59,0.7,146,8,4,759,1858,362,16,10,6,1,1,1,0,387.75
1347,0,1.5,1,10,0,56,0.3,95,1,19,398,1528,2456,13,0,13,1,1,1,2,726.25
1644,0,2.8,0,0,1,44,1.0,137,8,0,358,791,2360,7,4,19,1,0,0,2,607.15
956,0,1.9,1,1,0,42,0.1,133,7,11,403,1614,3700,10,0,7,1,1,0,3,740.12
1089,0,1.4,1,10,0,2,0.1,153,7,20,211,1409,2620,7,5,13,1,0,0,2,556.89
871,0,0.6,0,2,0,52,0.1,178,3,3,194,1437,437,14,7,17,1,0,0,0,288.94
664,0,1.5,0,5,1,6,0.9,164,2,19,1076,1472,3774,11,5,18,1,0,0,3,701.42
1874,1,0.6,0,1,0,19,0.8,192,2,9,1238,1418,1218,15,10,17,0,1,0,1,328.66
1928,0,2.6,0,5,0,5,0.8,162,5,16,229,1004,696,14,12,15,1,1,1,0,409.19
888,0,2.6,1,2,1,33,0.4,198,2,17,327,1683,3407,12,1,20,1,0,0,3,759.33
1077,1,1.7,1,1,0,58,0.8,86,7,13,135,1892,3902,9,3,3,1,0,0,3,822.11
1023,1,2.3,1,5,1,30,0.2,80,8,7,5,1744,2086,10,0,19,1,1,1,1,542.41
1426,1,0.8,0,2,1,42,0.6,84,3,10,715,1163,1356,15,9,16,1,0,1,1,462.54
831,0,1.7,1,7,1,26,0.7,177,5,11,511,621,1704,6,5,20,1,1,1,0,579.59
1496,1,1.3,1,0,1,6,0.5,85,3,9,549,1383,3571,16,1,11,1,1,1,3,558.62
1433,1,2.3,0,2,1,5,0.1,129,5,11,420,784,2132,18,15,19,1,0,1,1,526.96
1095,1,2.6,1,0,1,44,0.7,103,4,5,838,1066,3209,13,11,8,1,1,1,3,678.82
643,1,0.7,1,3,1,23,0.8,156,1,9,314,1400,2096,13,6,2,1,0,0,1,508.07
1142,1,1.1,0,0,1,6,0.5,198,4,0,739,1766,1273,19,0,6,1,0,0,1,317.58
730,1,0.5,1,3,1,27,0.1,112,5,10,62,846,3623,9,4,15,1,1,0,2,700.65
1901,1,0.5,0,5,1,41,0.6,131,2,17,3,1662,368,5,1,12,1,0,0,0,413.18
1510,0,0.6,1,1,0,32,0.7,135,3,8,963,1520,854,8,2,10,1,0,1,1,418.62
1924,0,2.6,0,0,1,59,0.9,136,6,0,1438,1923,3646,10,9,16,1,0,1,3,851.23
1825,0,1.1,1,13,1,17,0.1,157,4,18,1621,1773,3130,12,4,2,1,0,1,3,781.68
1275,1,0.5,1,3,1,5,0.2,152,1,9,19,501,3784,13,4,4,1,1,0,3,589.93
987,1,2.3,0,9,0,17,0.8,124,7,17,887,1274,3885,11,0,14,1,1,0,3,856.74
1538,1,2.3,0,6,1,13,0.2,121,7,7,567,986,1494,18,10,12,1,1,1,1,495.41
1965,1,0.5,0,4,1,29,0.5,149,5,13,584,676,2973,11,1,20,1,1,1,3,654.21
808,0,1.9,0,7,0,20,0.8,185,6,14,496,974,1471,13,4,11,0,1,0,0,466.21
712,0,0.5,0,6,0,27,0.5,86,2,11,1245,1309,2001,11,10,12,1,1,1,1,446.48
1507,1,0.9,1,0,1,42,0.4,123,5,0,682,888,1486,15,3,19,1,0,0,1,469.76
912,0,0.7,0,3,0,47,0.9,182,3,6,724,794,1321,7,2,6,0,1,1,0,458.48
769,1,1.2,0,2,0,17,0.1,95,8,4,1384,1454,1877,18,2,11,0,0,1,1,469.22
948,0,2.3,0,14,0,22,0.1,173,5,20,257,1654,3499,11,7,19,1,1,1,3,708.23
507,1,1.9,1,0,1,39,0.7,142,1,0,17,1084,2124,6,0,12,1,1,0,1,473.92
1384,1,2.8,1,15,0,60,0.1,82,3,18,983,1210,1221,18,12,15,1,0,1,1,652.23
1766,1,1.3,0,1,0,29,0.5,194,8,20,439,1306,2316,19,2,6,0,0,1,2,559.34
1407,0,1.8,1,5,1,16,0.2,170,4,6,925,1206,1068,6,0,8,1,1,0,1,386.44
614,0,2.9,1,3,1,24,0.2,94,4,7,409,603,1930,13,12,4,1,0,1,1,565.83
1972,0,2.9,0,9,0,14,0.4,196,7,18,293,952,1316,8,1,8,1,1,0,1,553.79
1039,0,0.5,1,8,0,47,0.2,130,8,9,384,1878,1742,18,12,15,1,0,0,1,539.48
511,1,3.0,1,5,1,34,0.9,125,8,13,149,1285,3265,14,7,14,1,0,0,2,900.82
1811,1,2.5,0,4,1,5,0.6,98,4,16,447,568,2700,13,7,8,1,1,1,2,652.46
1159,0,1.5,0,3,0,36,0.4,104,4,8,717,1206,2115,8,7,18,0,0,0,2,543.48
1848,0,1.3,1,7,0,12,0.1,178,2,19,195,533,3915,9,7,8,0,0,1,3,879.76
1988,1,0.5,0,0,1,16,0.1,94,8,1,153,696,3144,16,2,14,1,0,0,3,579.58
1469,0,0.5,0,3,1,58,0.5,150,7,8,1699,1850,1571,17,16,2,1,0,0,2,542.56
1423,0,0.6,0,12,0,44,0.8,131,5,13,501,640,2253,10,8,9,0,0,0,1,618.05
1974,0,0.5,1,9,0,10,0.8,145,6,12,530,1496,1433,6,1,17,0,0,0,1,445.73
835,0,0.8,1,2,1,42,0.8,128,5,18,396,1378,2583,15,2,13,1,1,1,2,644.07
1429,0,0.6,0,8,0,42,0.9,151,5,9,670,1552,1817,6,1,16,1,0,0,1,489.54
947,1,0.5,0,1,1,51,0.1,144,2,15,193,887,2915,17,1,6,1,1,1,2,782.4
1446,1,2.8,1,0,1,18,0.3,178,8,1,351,1769,3340,8,0,16,1,1,1,3,753.73
1332,0,1.3,1,5,1,7,0.8,168,7,19,846,855,2790,19,11,10,1,1,0,2,618.85
1498,1,1.2,1,0,1,14,0.1,191,4,1,111,1167,577,14,12,12,1,1,0,0,303.2
1576,1,0.9,1,0,1,14,0.4,173,2,4,1213,1386,3220,17,2,6,1,1,0,3,599.45
1398,0,1.6,1,8,1,26,0.8,150,1,12,755,1284,3488,14,3,11,1,1,0,3,708.13
1885,0,2.4,1,12,1,14,0.6,92,4,15,1406,1517,1277,9,6,16,1,0,1,1,571.08
798,1,0.5,1,7,0,2,0.8,148,2,15,497,627,3593,14,9,3,0,1,0,2,568.07
1436,0,2.5,1,0,1,42,0.9,124,8,1,1826,1836,2736,12,5,19,1,1,0,3,745.25
1998,1,1.2,0,8,0,31,0.6,196,8,19,50,1356,2311,17,9,18,1,1,0,2,715.58
1321,1,1.3,0,0,1,63,0.4,109,8,9,817,941,1464,7,6,16,1,1,1,1,606.4
1021,0,1.3,0,7,0,9,0.7,192,2,12,901,1793,1355,6,1,14,1,1,0,1,372.9
1339,1,2.3,1,0,0,40,0.1,123,2,1,212,1269,2382,6,4,7,1,0,1,2,521.48
1210,1,1.6,1,9,0,57,0.5,111,4,20,329,1039,1886,16,0,17,1,0,1,1,634.2
1949,1,0.5,1,2,1,31,0.1,145,5,9,837,1182,832,7,3,19,1,0,0,1,404.63
882,0,0.7,1,9,1,28,0.2,151,6,16,248,884,751,19,11,8,1,0,1,0,428.2
1549,1,1.5,1,0,1,27,0.4,113,5,7,632,1162,436,10,8,11,1,0,0,0,373.54
1991,0,2.2,1,1,1,42,0.7,82,1,13,366,613,722,6,5,10,1,1,0,0,388.61
796,0,0.5,0,2,0,12,0.5,114,1,8,174,518,1075,7,3,2,0,1,0,0,299.71
1012,0,0.5,1,4,0,39,0.1,161,4,6,882,1195,2802,8,0,10,1,1,0,2,575.27
1318,0,1.9,1,0,1,11,0.8,188,2,15,688,1591,1780,12,10,2,1,0,0,1,485.44
1708,0,0.8,0,8,1,14,0.9,197,4,16,263,1345,1247,19,16,16,1,0,0,1,420.19
598,1,0.8,1,8,1,62,0.1,117,8,9,118,764,3066,11,2,19,1,1,0,2,809.45
541,1,2.3,0,4,0,51,0.4,200,8,17,1012,1226,403,11,2,12,0,0,0,0,502.36
818,0,0.5,1,2,1,23,0.2,192,5,17,586,1552,2518,19,12,3,1,1,0,2,617.34
1414,0,0.5,0,0,1,15,0.8,168,2,0,294,1233,1069,18,6,14,1,0,0,0,282.14
601,1,1.7,1,3,1,6,0.8,169,4,11,818,1827,2651,14,8,9,1,0,1,2,602.27
561,1,2.8,1,2,1,40,0.1,99,7,6,426,865,2974,15,12,19,1,0,1,2,755.86
1616,1,2.3,1,3,0,52,0.1,100,5,8,151,1133,657,7,3,2,1,1,0,0,405.18
1263,1,1.4,1,1,1,32,0.4,103,2,2,409,644,3372,18,13,10,1,1,0,3,644.96
1604,1,1.9,1,0,1,63,0.6,93,5,2,641,1156,1464,15,9,20,1,1,0,1,570.43
539,0,2.0,1,1,0,24,0.5,86,4,2,958,967,1326,7,4,3,1,1,0,0,383.51
1071,0,2.6,0,0,0,49,0.3,199,4,5,1328,1970,3393,6,5,7,1,0,0,3,726.98
826,0,0.5,1,0,1,57,0.5,135,2,0,354,530,323,17,3,7,1,0,1,0,343.96
771,0,2.9,0,2,0,62,0.7,106,1,8,1709,1781,1628,9,3,6,0,1,0,1,569.59
1811,0,2.9,0,0,0,33,0.2,132,8,2,1099,1553,2610,8,3,13,1,1,0,3,715.71
1842,1,2.2,1,7,0,56,0.4,179,4,10,783,1227,3721,16,11,4,0,1,1,3,713.63
1420,0,2.8,1,1,0,50,0.1,100,8,8,194,1393,763,17,1,17,0,1,1,0,510.43
1763,0,0.5,1,12,0,10,0.2,184,3,19,238,1893,792,17,12,13,1,0,1,0,394.76
1163,1,1.9,0,6,0,2,0.9,133,5,20,919,1076,1568,14,0,19,1,0,0,1,410.94
1805,1,0.5,0,0,0,29,0.2,182,4,2,758,891,1276,19,4,17,0,1,0,1,365.5
610,1,1.6,1,9,0,52,0.4,90,4,19,1039,1273,3472,10,4,12,1,1,1,3,869.79
1533,1,1.1,1,18,1,17,0.3,160,4,20,1054,1393,2520,8,2,11,1,0,1,2,656.45
1924,0,0.5,0,3,1,63,0.3,111,2,10,122,686,3423,13,3,19,1,0,0,3,787.33
1801,0,0.5,1,6,0,52,0.9,120,6,10,100,1708,258,14,8,9,1,0,0,0,355.71
1726,1,1.9,0,1,1,42,0.6,106,5,3,1221,1804,1868,16,7,6,1,0,0,2,544.24
794,0,2.5,1,15,0,14,0.6,197,3,19,312,1376,2171,19,8,18,0,0,1,1,641.39
1686,1,0.5,1,4,0,28,0.8,182,5,8,599,1073,780,11,10,5,0,0,0,0,343.54
1444,1,2.1,1,0,0,6,0.9,103,1,1,1274,1340,712,17,5,10,0,0,0,0,251.55
1004,0,1.6,1,0,1,30,1.0,160,8,1,62,581,1012,7,4,13,1,1,1,0,380.63
1242,1,2.4,0,8,0,28,0.2,166,4,9,315,1796,318,11,10,19,1,0,0,0,381.63
539,0,1.5,0,6,1,26,0.2,137,6,8,1123,1709,3948,18,11,15,1,1,1,3,808.49
717,0,1.1,1,2,1,14,0.1,99,8,6,1878,1981,629,16,15,20,1,0,0,0,354.94
1540,0,0.7,1,0,1,29,0.1,157,7,1,318,831,1161,11,8,5,1,0,0,0,410.28
672,0,0.5,0,7,1,35,0.1,99,8,17,574,1267,1403,16,7,6,1,0,0,0,459.06
1325,1,0.5,0,0,1,13,1.0,133,4,8,1353,1915,3707,19,3,18,1,1,0,3,715.36
950,0,0.5,0,6,1,55,0.1,124,8,7,86,1681,1305,6,5,4,1,0,1,0,501.77
948,0,1.5,1,6,0,18,0.3,119,4,7,340,1728,2926,17,13,9,1,1,1,2,585.99
1328,1,0.5,0,5,1,27,0.3,144,3,18,602,1156,2674,7,2,5,1,0,1,2,621.5
1447,0,0.5,0,3,0,40,0.7,184,2,5,963,1062,471,8,4,20,0,0,1,0,315.23
1973,1,0.5,1,3,0,21,0.8,95,8,7,127,507,1724,12,10,8,0,0,1,1,483.43
1731,1,2.3,1,18,0,60,0.5,171,4,20,142,1039,1220,9,3,20,0,1,0,1,644.32
1617,0,1.5,0,1,1,63,0.7,111,2,10,274,1079,2754,19,10,8,1,1,1,2,734.34
1791,1,0.5,1,1,1,33,0.5,110,5,4,371,682,594,17,8,16,1,0,1,0,366.18
851,0,2.3,1,7,1,54,1.0,101,2,9,788,1007,1005,12,2,14,1,0,1,0,520.01
856,0,1.9,1,0,1,14,0.6,115,1,7,395,1027,2439,6,3,12,1,1,1,1,494.83
714,1,0.5,0,1,0,30,0.3,145,4,2,643,1527,2302,12,10,10,0,1,1,1,541.36
951,0,0.5,0,6,1,15,0.6,81,2,17,854,935,1083,16,11,16,1,1,0,0,361.96
1303,1,2.1,0,6,1,10,0.4,109,8,15,1335,1873,2219,9,3,15,1,1,1,2,694.91
1550,1,2.7,0,2,0,32,0.1,126,7,5,1541,1619,1571,12,3,14,0,0,0,2,584.14
1759,1,1.4,0,10,1,15,0.4,101,4,13,382,1163,2107,18,5,16,1,1,0,2,535.62
1448,0,0.5,1,18,0,2,0.2,100,5,19,846,1144,593,9,4,18,1,1,1,0,436.57
1987,1,1.9,0,0,0,50,0.7,119,8,18,960,1925,857,12,4,6,1,1,0,1,566.28
908,0,2.1,0,1,0,44,0.6,95,5,2,154,941,3518,16,12,7,1,1,1,3,740.15
820,0,0.5,1,2,0,58,0.3,160,4,4,468,694,1284,17,7,17,0,0,1,0,449.26
904,0,2.7,1,4,0,19,0.6,147,6,7,1094,1496,545,19,18,16,0,0,0,0,364.18
667,0,1.3,1,4,1,6,0.1,149,6,10,272,870,3566,9,5,12,1,0,1,2,665.26
1109,0,2.1,0,1,0,34,0.1,173,1,4,165,1103,2821,13,5,17,1,0,1,2,569.7
1333,0,1.4,0,3,1,59,0.7,183,7,5,394,1301,3442,18,16,5,1,1,0,3,850.31
1352,0,2.4,0,5,1,6,0.9,92,6,9,629,1299,1309,12,1,14,1,0,0,1,460.04
1600,0,2.5,1,1,0,19,0.6,88,6,9,831,1713,1179,10,3,18,0,0,1,1,439.52
1454,0,1.4,1,8,0,37,0.8,80,8,20,903,910,1713,16,0,19,0,0,0,1,630.25
1489,0,2.1,1,0,0,9,0.4,169,3,1,923,1759,1663,9,3,14,1,0,1,1,425.43
1823,0,2.8,1,11,0,10,0.6,81,8,19,362,1250,1812,5,0,19,1,1,1,2,664.59
1581,1,1.0,0,9,0,41,0.4,172,4,19,693,850,1384,19,9,2,0,1,1,1,560.19
1672,1,1.7,1,1,1,44,0.5,172,8,4,1250,1435,1348,11,6,7,1,1,1,1,551.09
1283,1,0.7,1,0,1,27,0.2,80,4,6,1135,1923,3957,17,15,6,1,0,0,3,692.86
630,0,2.0,0,9,1,14,0.5,180,8,13,66,1448,1212,12,8,12,1,0,0,0,454.72
659,0,2.2,0,0,1,24,0.7,151,8,2,924,1877,3925,8,1,10,1,1,1,3,702.46
1811,1,0.5,1,0,0,32,1.0,115,6,0,204,1132,348,17,11,18,1,0,1,0,286.91
688,1,2.5,0,9,0,40,0.2,109,5,20,376,1957,1382,12,7,8,0,1,0,1,544.99
514,1,2.9,1,5,0,18,0.7,141,2,8,1083,1492,980,13,7,16,0,0,1,0,355.96
1933,0,2.8,1,1,0,16,0.5,154,3,9,229,1473,838,14,2,18,0,1,0,0,302.95
915,0,2.0,0,8,1,31,0.3,91,3,20,875,1316,378,11,6,9,1,1,0,0,381.95
1006,0,2.2,1,4,1,22,0.8,135,4,8,35,991,909,18,4,7,1,0,1,0,444.36
1134,1,0.9,0,2,1,13,0.4,92,4,19,18,903,3632,17,8,19,1,1,0,3,663.47
599,1,2.9,0,0,1,64,0.3,186,8,1,103,646,3396,5,3,7,1,0,0,2,831.78
973,0,0.5,1,5,0,53,0.5,196,5,7,105,588,1861,13,10,16,0,1,0,1,475.63
1180,1,2.5,0,0,1,27,0.1,90,6,1,168,540,348,7,5,19,1,1,1,0,382.35
1237,1,2.5,0,7,0,13,0.8,98,4,12,18,1004,2528,11,8,16,0,0,0,2,556.78
659,0,0.5,1,7,1,5,0.3,169,8,10,659,730,2190,16,10,16,1,1,0,1,498.43
1142,1,1.4,1,6,0,6,0.7,190,8,8,534,855,663,12,4,5,0,1,1,0,392.84
1002,0,2.7,1,16,1,11,0.4,185,6,18,285,512,961,10,7,19,1,0,1,0,581.18
1392,0,2.5,0,0,1,44,0.7,113,4,2,482,1098,1280,8,1,16,1,0,1,1,478.18
602,0,0.9,0,9,0,50,0.9,141,8,18,1571,1717,2189,7,5,16,0,1,0,2,620.87
1249,1,0.5,0,3,1,55,0.8,140,3,8,605,1193,531,18,10,13,1,1,1,0,405.95
531,1,0.5,1,0,1,12,0.5,121,4,3,158,1657,2331,18,12,20,1,0,1,1,476.78
1450,0,2.1,0,1,0,31,0.6,114,5,4,1573,1639,794,11,5,9,0,1,1,1,397.67
1342,0,2.8,0,1,0,50,0.1,173,1,8,127,620,2644,7,2,11,0,1,1,2,590.54
832,1,0.5,0,5,1,22,0.6,198,1,8,343,1431,1666,15,4,20,1,1,1,1,487.32
867,1,1.5,0,0,1,57,0.1,159,4,0,289,724,2157,8,6,18,1,0,0,1,551.56
1404,0,2.1,0,16,0,44,0.9,151,1,20,1703,1880,1196,10,6,5,0,0,1,1,648.45
840,0,0.9,1,6,0,33,0.7,150,6,7,1482,1591,2072,10,8,19,0,1,0,2,532.75
1368,0,0.5,0,10,1,42,0.2,91,1,20,907,925,1590,12,0,14,1,0,0,1,629.42
1927,0,0.9,1,3,0,11,0.4,190,8,12,491,1506,2916,16,11,18,0,1,1,3,633.79
1714,0,0.5,1,7,0,31,0.4,120,2,10,287,627,3707,5,1,19,0,0,1,3,765.5
1201,1,0.5,0,1,1,10,0.4,198,6,5,1151,1723,726,11,4,3,1,1,0,0,290.64
1796,1,2.3,0,4,0,44,0.9,184,2,11,1024,1363,3577,17,7,4,1,1,0,3,707.03
1147,0,0.8,1,11,0,28,0.7,158,6,13,1085,1134,2627,18,3,15,1,0,1,2,654.01
776,1,1.7,0,0,1,20,1.0,146,4,9,991,1803,685,15,11,7,1,1,1,0,382.55
510,0,2.6,0,0,0,33,0.1,110,6,10,1052,1897,1693,6,2,5,0,1,0,1,512.59
1045,1,1.2,1,3,1,40,0.1,175,6,7,1078,1564,2137,11,8,12,1,0,1,2,558.36
1497,1,0.9,1,4,1,10,0.1,153,8,20,98,977,3696,9,0,3,1,0,1,3,701.27
1425,1,0.6,0,0,1,33,0.5,89,3,2,396,1648,3771,10,3,9,1,0,1,3,640.66
726,0,2.2,0,0,1,40,0.8,94,4,20,323,978,1342,16,11,4,1,1,1,0,476.73
1576,1,2.0,0,0,1,20,0.6,148,3,0,410,1551,1379,17,1,16,1,0,1,1,412.93
714,1,2.1,1,5,1,11,0.1,197,3,6,1750,1857,1164,15,12,19,1,1,0,1,433.69
1595,0,1.9,1,1,0,63,0.9,88,1,20,1475,1988,908,18,13,6,0,0,1,1,529.57
541,0,1.0,0,0,1,10,0.4,127,4,0,1836,1873,1019,19,9,15,1,1,0,1,273.13
1617,1,2.6,0,14,0,29,0.9,113,6,20,283,676,3685,13,1,18,0,0,0,3,836.37
1154,0,1.1,1,2,1,5,0.2,98,1,13,539,1240,1470,12,0,12,1,0,0,1,394.09
1638,0,1.0,0,6,0,2,0.2,189,1,11,440,563,2299,19,9,9,1,1,1,2,537.07
1150,1,2.7,0,0,0,39,0.4,151,8,1,397,800,999,6,2,11,1,1,0,0,410.28
1254,1,2.3,0,0,1,44,0.2,149,1,10,204,1021,3011,7,4,12,1,1,0,2,636.08
1806,1,2.0,1,2,1,54,0.1,117,1,11,347,727,3142,13,0,6,1,0,1,3,825.33
603,0,1.5,0,8,0,12,0.7,114,6,20,1003,1284,1543,7,5,19,1,1,0,1,484.11
1834,0,2.1,0,7,1,40,0.1,99,4,11,0,1987,3692,13,0,16,1,1,0,3,832.26
520,0,2.3,0,0,1,31,0.8,145,6,14,264,519,2753,13,7,17,1,0,1,1,670.36
565,0,0.6,1,1,0,50,0.1,158,2,8,543,703,2156,13,6,6,1,1,1,1,539.28
1689,1,0.5,0,11,0,9,0.5,150,5,15,467,675,2637,8,4,3,1,0,0,2,591.65
742,1,2.3,0,0,0,21,0.7,104,8,1,875,925,331,11,8,7,1,0,0,0,283.51
1143,0,1.2,1,1,1,22,1.0,125,3,6,1116,1724,1214,12,5,16,1,1,0,1,428.32
761,1,0.5,0,9,0,3,0.8,196,7,15,1325,1945,2248,19,3,15,1,1,1,2,471.26
959,1,1.3,1,0,0,36,0.4,196,5,14,1313,1331,3073,19,1,8,1,1,1,3,689.49
772,1,1.2,1,7,1,8,0.6,134,7,8,552,1802,422,7,6,15,1,0,0,0,324.3
1015,1,0.8,0,5,0,12,0.5,102,3,14,335,679,2293,5,1,2,0,1,0,1,464.33
1824,1,1.9,1,9,1,2,0.7,103,1,14,50,1105,3958,12,2,19,1,1,0,3,727.65
1130,1,0.5,1,1,1,29,0.7,130,1,14,593,1327,432,6,1,10,1,1,1,0,339.91
1183,1,0.5,1,3,1,48,0.1,120,8,12,268,1010,1152,8,3,3,1,0,0,0,457.12
574,1,2.0,1,0,1,26,0.5,118,6,2,382,1364,1303,8,4,2,1,0,1,0,431.03
1472,0,3.0,0,4,1,20,0.3,169,2,6,443,892,797,6,1,11,1,1,0,0,341.39
1868,1,0.5,0,2,1,40,0.9,179,8,17,576,884,298,8,2,17,1,1,0,0,405.99
1375,0,2.9,0,2,0,20,0.4,147,6,7,596,679,3847,8,0,12,1,0,1,3,706.43
881,0,1.0,0,1,0,64,0.5,160,3,6,115,636,2110,18,9,6,1,1,1,1,582.99
1742,1,0.5,1,5,1,43,0.9,176,3,7,356,1407,1921,9,2,3,1,1,0,2,516.44
1225,0,0.7,1,6,0,60,0.1,107,2,15,10,1567,2423,17,11,6,1,0,0,2,616.83
1970,1,0.5,1,0,1,15,1.0,132,2,0,1399,1684,1658,15,9,20,1,1,1,2,422.21
1186,1,0.5,1,2,0,21,0.4,160,8,4,68,584,2361,17,8,7,1,0,0,1,521.12
1762,0,0.7,0,7,0,60,0.1,157,4,10,643,790,1380,14,5,14,1,0,0,1,531.26
1731,1,1.4,1,4,1,4,0.5,163,6,18,809,1988,3892,5,1,4,1,1,1,3,778.84
852,0,1.8,1,5,1,8,0.8,160,5,9,683,1349,315,7,6,20,1,0,0,0,319.0
848,1,1.5,1,4,1,36,0.3,151,4,16,56,527,2289,10,2,19,1,1,1,1,548.63
1575,0,2.5,1,0,1,11,0.2,185,7,20,492,818,2182,7,3,17,1,1,0,2,623.19
1554,0,2.8,1,7,0,23,0.1,105,6,18,699,1492,2184,13,9,20,1,0,1,2,742.69
1972,1,1.6,0,0,0,48,0.5,92,8,2,290,804,2872,7,2,11,1,0,1,3,682.17
827,1,0.6,1,9,1,35,0.2,87,6,17,23,826,2367,5,3,15,1,0,1,1,641.61
1063,0,1.5,0,7,0,3,0.9,155,4,10,394,849,1919,12,10,20,1,1,0,1,445.53
1695,0,2.3,1,1,0,34,0.4,84,5,10,713,1742,3296,17,6,14,0,0,0,3,755.43
1343,0,2.4,1,5,1,14,0.9,81,8,10,1063,1205,462,18,7,11,1,1,1,0,391.04
834,0,0.5,0,2,1,27,0.2,123,1,16,1421,1463,1591,11,9,20,1,1,0,1,427.2
595,0,2.6,0,0,1,20,0.4,122,2,18,623,816,1593,19,11,2,1,0,1,0,480.96
1081,1,1.9,1,13,1,42,0.1,101,7,17,83,816,2456,7,4,7,1,0,0,1,704.66
911,0,1.4,1,3,0,14,0.7,199,4,4,1563,1692,2933,16,3,11,0,1,0,3,606.38
844,0,2.2,1,1,1,22,0.9,197,7,2,777,1995,3154,14,11,7,1,0,0,3,658.17
1335,1,3.0,0,3,0,60,0.8,180,2,4,83,559,3615,5,2,9,1,0,0,3,656.8
1883,0,1.6,0,9,0,24,0.1,87,1,16,203,915,3563,17,10,3,0,0,0,3,653.44
1128,1,0.5,1,6,0,33,0.6,147,8,7,938,1226,1440,17,15,19,1,0,0,1,377.61
826,1,2.4,1,14,1,57,0.6,117,2,17,1077,1183,1907,15,14,5,1,0,0,1,659.69
1650,0,2.3,0,0,1,38,0.7,89,1,1,773,881,324,14,10,2,1,1,1,0,316.77
1162,0,1.0,0,0,0,50,0.5,104,4,10,332,866,1404,10,3,15,1,1,1,1,458.37
1517,0,2.5,0,2,1,8,0.8,169,4,18,570,1645,2738,18,16,12,1,0,0,2,671.66
963,0,0.5,0,1,1,60,0.8,156,3,3,742,821,2722,12,6,16,1,0,0,2,671.4
1837,0,1.0,1,5,1,12,0.9,103,8,6,1420,1539,2294,8,7,20,1,0,1,3,580.21
1028,1,2.8,0,1,1,30,0.1,193,1,10,1801,1923,1424,18,4,13,1,0,1,1,422.5
1831,1,2.2,1,4,0,55,1.0,189,8,9,1693,1790,1133,14,3,10,0,1,0,1,610.94
571,1,2.0,1,5,1,58,0.6,101,6,11,31,1536,555,19,10,11,1,0,1,0,508.08
1770,1,2.3,0,0,0,9,0.6,183,6,5,1098,1373,3785,13,10,14,1,0,1,3,718.87
970,1,1.3,1,5,0,59,0.2,84,7,19,1765,1786,3675,12,0,12,0,0,0,3,914.34
642,1,0.5,0,0,1,38,0.8,86,5,10,887,1775,435,9,2,2,1,1,0,0,313.16
622,1,1.9,1,12,0,11,0.8,193,8,14,760,1964,3183,5,0,4,1,1,1,2,805.04
600,1,1.8,0,9,1,6,0.8,199,2,15,486,1032,3495,17,4,7,1,1,0,2,621.14
1412,0,0.6,0,9,0,57,0.2,86,3,10,2,660,1853,15,10,18,0,0,1,1,595.44
733,0,0.8,0,7,0,16,0.4,138,4,12,202,1787,2648,12,0,19,1,1,0,2,479.62
1070,1,3.0,0,9,0,19,0.8,160,7,16,90,1614,2647,14,13,20,0,1,0,2,641.53
875,1,0.7,1,1,0,30,0.7,146,8,8,469,853,702,19,15,15,1,1,1,0,378.28
1994,1,0.7,0,5,0,5,0.4,189,2,7,86,1546,1836,12,11,18,1,0,0,2,397.81
823,0,1.0,1,9,1,18,0.2,182,5,16,1180,1350,3894,13,10,9,1,1,0,3,815.3
1908,0,0.5,0,9,1,30,1.0,111,2,19,140,1046,2944,19,17,17,1,0,1,3,719.01
790,0,0.5,1,7,1,44,0.1,89,8,8,1100,1437,3424,13,11,9,1,1,0,3,735.02
1330,1,1.8,1,1,0,40,0.5,177,1,5,194,892,2678,9,4,14,1,1,1,2,623.6
1660,0,0.5,0,2,1,15,0.7,100,8,8,440,569,2424,12,5,9,1,1,0,2,523.58
1776,0,2.2,0,2,0,20,0.9,82,6,16,1563,1803,2671,15,10,12,0,1,1,3,602.49
1611,0,0.5,1,4,1,27,0.9,199,1,10,163,1011,3078,15,2,6,1,0,1,2,625.08
1410,1,0.5,1,0,1,15,0.3,92,3,1,192,1311,2304,18,4,18,1,1,0,2,482.68
1772,1,1.6,0,17,1,45,0.5,159,2,18,837,1405,1146,6,1,17,1,1,0,1,588.72
1280,1,1.3,0,0,1,39,1.0,108,7,1,356,588,2335,6,4,2,1,0,1,1,527.24
1712,1,0.9,1,2,0,23,1.0,155,7,19,155,663,1422,5,0,15,1,1,0,1,451.66
1562,1,0.7,0,0,0,55,0.1,140,8,1,1032,1776,2096,15,3,3,0,0,0,2,528.26
891,0,1.9,1,1,1,18,0.1,153,6,3,40,1435,1303,17,16,4,1,1,1,0,419.84
1957,0,1.2,1,18,1,36,0.8,151,2,19,1194,1727,1115,16,2,18,1,0,1,1,544.13
1110,0,0.6,0,1,0,42,0.9,192,5,2,1179,1262,456,12,8,18,1,1,0,0,289.3
875,1,1.4,1,1,1,43,0.6,104,8,3,902,969,3396,14,2,18,1,0,0,3,695.26
1211,1,1.2,0,0,0,28,0.3,130,2,3,58,963,2750,6,1,14,0,1,0,2,537.24
769,0,0.5,1,12,1,54,0.2,112,4,19,1385,1780,941,15,8,20,1,0,1,0,586.32
671,0,2.9,0,7,1,2,0.1,95,6,19,614,1617,2278,13,4,2,1,0,0,2,600.55
1872,0,0.5,0,5,1,26,0.5,172,4,10,672,1088,2273,8,4,8,1,0,1,2,564.04
1076,0,2.3,1,0,1,14,0.7,191,5,0,1088,1718,2355,17,16,2,1,1,1,2,551.81
1325,0,1.9,0,2,0,50,0.1,146,1,10,499,695,2328,17,10,2,1,0,0,2,535.83
911,1,2.2,1,1,1,28,0.5,182,2,2,157,763,2638,8,4,13,1,1,1,1,526.21
1273,1,0.7,0,1,0,23,0.6,178,6,14,485,1399,558,8,5,13,1,0,0,0,299.75
1062,0,0.5,0,3,1,39,0.9,124,4,4,571,817,1345,16,0,11,1,0,1,0,427.41
1317,0,1.5,0,6,0,12,0.1,154,2,9,431,542,425,7,0,11,1,1,1,0,259.18
940,0,2.9,0,0,0,16,0.7,115,4,1,499,1090,2192,15,13,9,1,1,1,1,480.77
729,1,2.0,0,0,0,14,0.6,135,6,2,563,1055,3397,19,15,17,1,0,1,2,637.58
1494,0,2.4,0,6,1,3,0.9,93,7,17,944,1003,1208,14,13,17,1,1,0,1,448.59
1546,1,1.6,1,2,1,27,0.7,124,2,6,1138,1491,267,12,10,16,1,1,0,0,322.54
1253,0,0.7,0,0,1,34,0.9,113,4,10,161,647,3518,7,3,8,1,1,1,3,691.22
895,0,0.5,1,6,0,16,0.3,164,8,14,126,1575,3122,7,0,4,0,0,1,2,635.35
793,1,1.9,1,0,1,43,0.3,124,8,2,15,1196,1050,11,9,3,1,1,1,0,475.75
1628,1,1.8,1,11,0,56,0.1,136,2,13,500,1713,3358,17,11,12,1,1,1,3,730.04
625,0,2.7,1,2,0,42,0.8,138,8,3,203,1771,2929,10,4,17,1,0,0,2,638.72
1110,0,1.5,0,2,1,12,0.3,153,8,5,961,1950,624,9,7,15,1,0,0,0,352.02
999,0,1.7,0,6,0,49,0.6,132,1,17,608,1970,1598,7,0,8,0,1,0,1,553.02
1856,0,0.5,1,0,1,24,0.1,155,5,1,277,1155,2052,17,6,10,1,1,0,2,421.56
1715,0,2.6,1,9,1,15,0.6,120,6,20,114,1849,1249,16,2,4,1,1,0,1,568.26
1897,1,1.9,0,2,1,54,0.3,154,2,7,630,738,412,17,11,2,1,0,0,0,434.9
1202,1,2.4,1,0,0,19,0.1,122,2,1,404,1742,595,19,0,3,0,0,0,0,261.51
1171,1,1.7,1,2,0,19,0.3,167,7,19,248,755,263,6,5,8,0,0,0,0,357.87
964,0,2.0,0,0,1,22,0.7,86,8,0,225,1234,2577,17,16,5,1,1,0,2,552.45
1973,1,2.4,1,6,0,46,0.1,193,4,10,699,851,639,6,0,3,0,0,1,0,464.68
1992,1,0.6,1,11,0,2,0.1,141,1,14,649,895,3206,10,9,10,1,1,0,3,560.78
546,1,2.6,1,5,0,26,1.0,159,5,15,416,1658,1550,7,2,3,0,1,0,1,435.37
1093,0,0.5,0,1,1,31,0.6,171,2,12,1310,1420,1646,12,0,6,1,1,0,1,504.63
1880,1,2.0,0,11,0,35,0.1,200,4,14,930,1983,1930,17,7,15,0,1,0,2,566.31
1765,0,1.1,0,3,0,11,0.7,87,2,7,835,1175,3695,6,5,18,1,0,0,3,614.46
1640,0,0.5,1,1,1,36,0.9,87,8,11,664,1806,3235,6,1,10,1,0,1,3,663.65
1830,0,0.5,0,0,0,7,0.9,191,6,12,460,1583,2334,8,7,14,0,1,0,2,438.48
826,0,0.6,0,3,0,62,0.7,187,4,19,778,1615,1998,17,4,17,0,0,0,1,588.94
1864,0,2.2,0,0,1,7,0.1,142,1,2,225,1545,2258,10,1,10,1,0,0,2,434.43
586,1,0.6,0,16,1,42,0.3,121,7,17,785,1118,1869,12,2,7,1,1,1,1,638.61
1206,0,3.0,1,10,1,30,0.6,127,3,13,1581,1713,1825,7,1,4,1,0,1,2,638.85
832,1,0.5,1,1,1,5,0.1,165,5,2,9,1944,3946,12,5,14,1,1,1,3,651.96
848,1,2.8,0,1,0,8,0.1,103,7,3,7,1294,436,10,6,15,1,1,1,0,310.28
1851,0,2.9,0,0,0,53,0.7,112,6,2,174,1175,2678,6,0,8,1,0,0,2,743.28
1166,1,0.5,0,7,0,59,0.5,80,1,11,437,638,3887,8,6,7,1,0,1,3,742.65
1776,1,2.1,1,10,0,35,0.1,172,4,16,278,623,1813,16,13,20,1,1,1,1,597.14
1254,1,1.2,0,2,1,27,0.2,134,2,10,1288,1372,817,14,1,16,1,1,1,0,421.97
1494,0,1.6,1,4,1,24,0.2,101,1,17,979,1190,3614,15,12,9,1,0,0,3,795.4
984,1,2.2,1,0,1,39,0.5,119,8,18,56,1931,2013,11,7,16,1,1,0,1,596.57
1179,1,0.8,0,1,0,5,0.9,154,5,17,913,1429,543,8,7,18,0,0,1,0,292.92
513,0,1.9,0,8,0,27,0.4,174,8,13,282,710,3400,16,6,13,0,1,1,2,795.22
557,0,0.5,1,3,0,17,0.2,89,6,4,322,710,2623,17,16,16,0,0,0,1,497.17
744,0,1.7,1,0,1,33,0.5,105,4,2,1252,1963,2700,9,3,19,1,0,0,2,604.44
1129,1,0.8,1,9,1,21,0.6,116,2,10,1128,1702,1400,11,0,13,1,1,0,1,457.06
1148,0,2.3,1,0,1,58,0.3,170,5,20,606,688,3127,10,7,11,1,0,0,2,788.64
1793,0,2.7,0,12,1,44,0.7,175,5,17,655,1459,2803,19,9,6,1,1,1,3,827.07
1310,0,2.3,1,3,0,15,0.2,150,5,11,954,970,2518,18,17,5,0,1,1,2,581.06
1604,0,1.2,0,1,0,6,0.5,191,6,15,68,1042,3564,7,2,2,1,1,0,3,643.04
1676,0,1.6,0,2,0,37,0.2,145,1,3,134,1197,2515,14,8,4,1,0,1,2,545.48
1001,0,2.8,1,1,0,40,0.2,117,3,7,922,1836,3654,13,9,10,1,1,1,3,710.66
1086,0,2.7,0,0,1,24,0.1,135,8,19,1874,1976,3930,17,1,18,1,1,1,3,932.67
1986,1,0.5,1,7,1,39,0.1,89,7,19,251,599,3476,11,8,17,1,1,0,3,949.79
634,1,0.8,0,5,0,41,0.2,192,1,12,1362,1853,3242,18,11,4,1,0,1,3,606.64
502,0,0.8,0,7,0,52,1.0,82,6,8,281,1159,2666,5,4,20,1,1,0,2,623.92
1641,0,1.1,0,6,0,48,0.7,97,8,7,224,1994,1695,13,6,17,1,0,1,2,531.04
623,0,1.4,1,0,1,15,0.2,189,3,1,778,844,3510,14,4,18,1,0,1,2,639.07
962,1,1.1,1,3,0,17,0.1,161,8,20,546,1424,3438,14,3,20,0,0,0,3,697.55
1057,1,2.7,0,3,1,41,0.1,97,4,10,397,891,2033,16,9,2,1,1,0,1,617.64
1862,0,1.5,0,1,0,62,1.0,182,1,2,386,1046,1017,11,3,9,1,0,0,1,450.32
555,1,3.0,1,5,1,38,0.8,193,2,10,214,1970,1686,8,1,8,1,0,1,1,538.74
1000,0,2.7,0,1,1,58,1.0,135,5,12,461,833,862,7,0,20,1,0,0,0,550.52
841,0,0.5,0,6,1,11,0.3,81,5,14,125,675,957,6,5,11,1,1,0,0,311.66
865,0,2.9,0,5,0,16,0.1,89,4,12,335,1009,3494,13,3,14,0,0,1,3,757.7
999,0,2.6,1,11,1,56,1.0,165,4,13,342,1641,3083,8,4,11,1,1,1,2,837.57
1232,0,1.2,0,12,0,30,0.9,131,6,14,625,761,1656,8,4,15,1,1,1,1,573.47
1194,0,2.3,0,6,1,34,0.2,165,2,12,494,509,313,15,1,19,1,1,0,0,335.46
612,1,0.5,1,1,1,20,0.8,179,8,6,1145,1487,3282,16,2,18,1,1,1,3,607.18
1362,1,2.9,0,0,0,47,0.5,186,6,4,600,1042,3629,19,17,5,0,1,1,3,789.73
1469,0,1.7,1,11,1,44,0.5,169,2,14,484,711,1687,15,5,5,1,1,1,1,600.7
986,1,0.8,0,13,1,28,0.8,182,4,20,199,679,1149,8,7,18,1,1,0,0,497.04
1843,0,2.8,0,1,1,62,0.8,104,3,7,21,832,3899,5,4,6,1,0,1,3,916.81
1561,0,0.5,1,10,1,4,0.5,134,2,13,885,1811,1783,13,12,10,1,1,0,2,437.07
1695,1,0.5,1,2,1,47,0.5,189,5,13,308,1208,1629,8,6,11,1,1,0,1,580.02
667,0,2.6,1,3,0,8,0.8,185,1,7,1015,1947,2528,11,8,8,0,1,0,2,479.13
1768,1,2.0,0,0,1,2,0.8,88,7,2,1303,1814,3256,9,6,5,1,1,0,3,635.89
1269,1,2.8,1,16,0,41,1.0,180,8,17,406,1036,2341,10,9,16,0,0,1,2,710.52
1109,1,2.8,1,6,0,57,0.9,151,1,12,124,833,2785,15,10,16,1,0,0,2,685.56
936,0,0.5,1,14,1,14,0.1,164,3,17,150,1677,3761,13,1,12,1,0,0,3,643.42
1713,1,2.0,0,9,1,5,0.7,199,6,16,108,1963,1513,15,6,2,1,0,1,1,548.43
1175,1,1.7,1,1,1,45,0.6,167,2,7,90,557,2240,10,6,5,1,1,0,1,520.59
1940,1,1.0,1,0,1,5,0.2,194,4,1,588,1809,820,19,18,3,1,1,1,1,325.38
855,1,0.5,0,2,1,59,0.5,159,2,3,1028,1196,1875,16,8,8,1,1,1,1,540.09
771,1,0.5,1,0,1,33,0.1,157,3,17,776,1247,920,16,2,10,1,1,1,0,455.69
645,0,2.5,0,10,1,63,1.0,174,4,14,278,584,3615,18,8,13,1,0,1,2,862.01
1307,0,1.8,0,2,0,7,0.6,88,7,3,897,1103,1412,16,9,5,0,0,1,1,384.91
1948,0,2.9,1,4,0,5,0.2,136,1,13,651,700,361,6,1,10,0,1,0,0,268.04
1509,0,0.6,1,5,0,50,0.3,81,4,8,1010,1684,1540,12,8,3,1,1,0,1,548.73
626,1,2.8,1,3,1,11,0.8,109,2,9,737,1759,1077,6,1,4,1,0,1,0,400.89
1190,0,2.0,1,0,0,40,0.2,93,5,1,1399,1646,3610,13,7,9,0,0,1,3,710.45
1727,1,2.1,1,10,0,57,0.3,158,6,18,376,1288,512,5,2,6,0,0,0,0,519.51
1670,1,3.0,0,14,0,62,0.5,114,8,20,1117,1330,3024,6,0,20,0,0,1,3,851.74
1150,1,0.5,1,4,1,27,1.0,134,1,17,234,1947,1610,11,0,16,1,0,0,1,502.18
1208,0,2.9,0,5,1,16,1.0,175,1,19,691,1028,2201,17,16,12,1,0,0,1,496.02
1812,1,1.3,1,4,1,42,1.0,162,7,15,380,1550,3338,18,13,11,1,1,1,3,844.99
770,1,1.5,1,6,0,61,0.2,196,4,9,603,1483,3473,7,3,4,0,0,1,3,780.03
1559,1,1.3,1,10,1,10,0.3,114,8,17,117,681,2203,7,5,15,1,1,1,1,718.6
1902,0,0.5,0,10,0,13,0.2,155,4,11,766,877,940,14,10,15,1,1,0,1,342.51
1751,0,2.5,0,1,0,4,0.6,146,8,9,1499,1952,1155,19,14,12,0,1,1,1,459.18
1416,1,1.8,1,0,0,20,0.1,93,4,0,1175,1578,3872,10,2,7,0,0,1,3,764.72
1288,0,0.5,1,3,1,61,0.2,115,6,6,988,1503,1882,16,6,10,1,0,1,2,649.1
1003,1,2.9,0,16,1,16,0.6,119,8,19,190,1905,1798,16,7,10,1,0,0,1,636.14
1715,1,0.5,1,1,1,18,0.1,96,6,3,674,1375,2598,17,2,3,1,0,0,3,553.48
1967,0,0.5,0,0,1,46,0.6,199,1,7,518,1374,1567,15,2,7,1,1,0,1,493.39
962,0,1.0,1,14,0,2,0.9,125,1,20,1618,1916,1491,16,2,14,1,0,0,1,463.09
1487,0,1.5,0,5,1,42,0.8,120,2,7,857,989,2003,12,4,3,1,0,0,2,533.2
1569,1,1.6,1,4,1,54,0.9,190,4,6,371,665,3905,6,2,4,1,0,0,3,820.01
1146,0,3.0,0,5,1,57,0.4,111,5,10,73,583,291,19,9,11,1,1,1,0,435.63
1379,1,1.5,0,6,1,9,0.8,118,8,13,98,755,1693,11,4,18,1,0,1,1,526.25
1504,0,1.9,1,7,1,25,0.3,152,4,9,395,1853,1788,13,11,13,1,0,1,1,571.07
1945,0,1.2,0,3,0,26,0.7,112,6,5,1064,1540,3322,18,7,20,0,0,1,3,667.0
1630,1,2.8,1,0,1,32,0.9,80,6,1,712,1726,1751,12,10,20,1,0,1,2,518.04
1125,1,2.7,0,10,0,23,0.4,117,1,14,774,939,1641,14,8,12,1,1,0,1,495.04
614,1,0.7,0,4,1,51,0.1,178,7,7,1012,1040,2854,10,7,12,1,0,1,2,690.29
854,0,1.0,0,5,1,17,0.9,101,4,9,730,1148,3115,7,0,2,1,0,0,2,588.04
1470,1,1.7,1,6,0,45,0.1,121,1,9,777,1090,3259,10,1,14,1,0,1,3,690.83
1826,1,0.5,1,5,1,49,0.6,172,8,6,973,1633,1612,17,9,17,1,1,0,2,510.55
807,1,0.5,1,0,0,37,0.2,127,4,0,245,829,2319,5,4,4,0,0,0,1,443.01
1996,1,2.8,1,0,1,7,0.1,138,5,4,937,1083,1258,17,14,16,1,0,0,1,424.77
1083,1,2.0,0,3,0,41,0.7,158,5,5,937,1164,1543,18,3,10,0,0,1,1,533.98
1035,0,0.5,1,14,1,49,0.3,178,2,15,574,1171,3991,12,4,19,1,0,0,3,824.68
1521,1,1.6,0,5,1,62,0.3,143,1,9,678,1630,3555,5,2,19,1,0,0,3,821.05
1314,1,2.8,1,13,1,5,1.0,87,4,18,82,512,3411,17,16,18,1,0,0,3,723.75
535,0,1.9,0,5,0,24,0.2,190,8,19,398,1775,524,9,3,4,0,0,0,0,403.74
673,1,1.9,0,13,1,35,0.4,142,6,14,1096,1570,3541,18,17,4,1,0,1,3,820.42
1219,0,1.6,1,5,0,4,0.3,169,6,7,1419,1698,1998,9,2,4,0,0,0,2,504.59
1606,1,0.5,1,0,1,33,0.9,200,5,0,157,770,3437,11,1,2,1,0,0,3,629.9
1603,1,0.5,1,1,1,17,0.5,114,2,8,430,1207,1637,17,3,11,1,0,1,1,409.06
1958,0,0.5,0,6,1,52,0.4,153,1,14,1524,1848,3064,7,6,3,1,0,0,3,696.27
695,0,0.5,0,18,1,12,0.6,196,2,19,1649,1829,2855,16,13,7,1,1,1,2,660.52
1441,0,0.6,1,0,1,53,0.5,106,1,12,254,954,1393,9,4,4,1,1,1,1,480.27
1470,0,2.2,1,4,1,33,0.4,138,7,10,1790,1988,1633,18,4,4,1,0,0,2,624.67
1890,0,1.1,0,4,1,48,0.5,127,4,5,1438,1832,2392,10,4,15,1,0,1,3,639.01
1152,1,2.1,1,0,1,26,0.3,82,2,0,1304,1673,3284,15,2,8,1,0,1,3,745.88
1619,1,0.9,0,3,0,20,0.9,117,6,9,813,1180,464,7,5,16,1,0,1,0,289.51
1002,1,1.8,0,1,0,45,0.7,180,7,7,948,1007,1234,19,13,18,1,1,0,0,473.47
742,1,0.5,0,0,1,36,0.7,139,3,1,1161,1288,292,8,0,6,1,1,1,0,268.77
1306,1,2.1,1,2,1,33,0.4,174,3,9,867,1258,2521,6,5,16,1,0,0,2,596.87
1424,1,2.9,1,0,0,20,0.6,180,5,0,181,1199,2658,15,0,19,1,0,0,2,564.33
942,0,1.4,1,8,0,27,0.5,91,4,9,754,1532,587,6,3,13,0,1,1,0,319.66
1934,1,2.7,0,8,1,2,0.1,118,4,16,242,1127,2190,18,1,9,1,0,1,2,601.89
1290,1,1.4,1,19,1,35,0.3,110,4,20,405,742,879,16,2,8,1,0,0,0,601.04
930,0,2.1,1,0,0,54,0.9,80,1,13,1569,1763,1743,7,1,9,0,1,0,2,519.28
1699,1,0.5,0,16,0,21,0.1,156,4,20,105,1099,1181,16,0,18,1,1,0,1,473.06
1849,1,0.5,0,1,0,29,0.5,181,7,12,978,1986,3330,14,4,15,1,0,1,3,727.22
1922,0,0.5,0,15,1,42,0.6,153,8,16,725,1882,3564,12,1,17,1,0,0,3,831.35
548,0,1.0,1,0,1,56,0.4,146,4,14,657,1657,562,17,14,8,1,1,1,0,425.27
916,1,0.5,0,0,1,47,0.2,82,4,1,1147,1393,1659,11,10,11,1,1,0,1,407.96
1783,1,0.5,0,8,0,14,0.6,183,8,11,910,1566,1816,12,7,7,0,0,1,2,511.06
1083,1,1.4,1,2,1,49,0.8,156,5,9,295,503,1338,16,8,5,1,1,1,0,519.9
1698,0,2.8,0,10,1,7,0.8,131,8,12,26,508,2992,15,3,17,1,1,0,2,691.81
1969,0,0.8,1,5,1,7,0.2,85,8,20,332,764,315,16,7,7,1,1,0,0,367.21
869,0,1.9,0,0,0,2,0.6,197,7,3,519,533,3249,19,0,12,0,0,1,2,555.28
1337,1,2.7,1,0,0,5,0.7,200,4,1,161,1029,3242,10,1,20,0,1,0,2,548.91
637,1,0.8,1,2,0,28,0.6,194,4,6,1080,1289,2725,15,10,7,0,0,0,2,562.09
833,1,0.6,1,0,1,27,0.3,145,4,2,649,1290,586,19,8,19,1,0,1,0,289.54
1248,0,2.4,0,6,1,9,0.4,89,3,8,71,1686,2454,9,8,13,1,1,0,2,576.35
1174,1,0.9,0,7,0,30,1.0,147,4,20,744,1244,804,17,14,16,0,1,1,0,390.75
1831,1,2.3,0,3,1,44,0.2,148,7,14,437,1113,2460,10,5,18,1,0,0,2,692.02
1002,0,2.6,1,7,0,27,0.1,146,1,10,115,1111,1295,18,15,17,1,0,1,0,474.13
1010,1,2.0,1,2,1,8,0.9,139,5,3,547,957,2625,15,11,12,1,1,0,2,582.29
1117,1,0.5,1,2,0,21,0.1,177,2,19,495,1035,1999,15,9,2,1,0,1,1,505.27
990,1,2.7,1,3,0,15,0.9,153,2,7,1466,1717,2698,11,8,6,1,0,0,2,518.44
1564,0,1.4,0,5,1,26,0.1,129,6,16,117,1115,3742,13,3,13,1,1,0,3,755.38
1065,0,2.8,1,0,1,21,0.1,158,5,3,760,1722,1193,16,13,20,1,0,1,1,455.43
1982,0,1.1,0,12,0,24,0.1,129,7,16,764,1873,3511,16,14,15,1,1,1,3,780.49
1607,0,1.1,1,6,1,20,1.0,192,2,8,776,1005,885,11,1,14,1,1,0,0,384.68
1066,0,3.0,1,6,1,5,0.5,167,5,7,53,1504,1044,8,7,11,1,0,0,0,414.67
681,0,0.5,1,12,1,17,0.9,194,5,19,371,1702,2548,6,1,5,1,0,1,2,621.12
1163,1,2.1,1,0,1,19,0.9,132,2,1,728,818,2940,13,0,15,1,0,1,2,529.86
1285,0,0.8,1,4,1,11,0.8,199,5,7,1791,1896,3966,17,15,2,1,1,1,3,724.59
753,1,0.5,0,11,1,48,0.1,121,8,20,606,1316,3484,11,10,16,1,0,0,3,850.65
1779,1,2.6,1,2,0,5,0.8,90,1,3,1225,1717,1246,12,2,20,0,1,0,1,310.71
987,1,1.9,0,4,1,52,0.5,83,3,8,419,736,2757,17,12,15,1,1,0,2,657.03
511,0,0.9,1,15,1,24,0.6,136,3,18,367,1264,2378,18,3,4,1,0,0,1,586.09
1044,0,1.8,0,4,1,12,0.7,104,6,5,1230,1263,1794,18,7,19,1,1,1,1,500.3
1855,0,0.5,0,5,0,32,0.6,187,8,18,267,1161,3933,7,0,7,1,0,1,3,771.64
946,1,1.4,0,9,0,26,0.1,186,6,10,273,891,1637,7,3,6,1,0,1,0,537.46
657,1,1.9,1,2,0,21,0.1,110,8,8,705,1905,783,6,1,11,1,1,0,0,392.74
1673,1,1.6,0,2,0,42,0.5,182,5,6,214,679,3094,12,4,20,0,0,0,2,608.43
731,1,0.5,1,0,1,28,0.5,130,8,0,424,1032,1774,12,8,10,1,0,0,1,449.87
926,1,0.8,0,6,1,59,0.8,161,7,14,84,793,256,18,7,2,1,0,1,0,418.95
1261,0,0.5,0,3,1,52,0.3,86,2,9,605,1429,1365,9,3,16,1,0,1,1,487.86
618,0,1.1,0,11,1,45,0.2,188,3,20,1175,1586,2339,19,2,10,1,1,0,2,680.86
936,1,2.3,0,5,1,57,0.2,129,2,6,657,938,2049,12,8,5,1,1,0,1,569.81
1485,1,0.9,1,0,1,28,0.8,158,5,1,371,1023,3241,14,11,11,1,1,0,3,664.73
1339,1,0.5,1,10,1,21,0.5,80,4,11,833,1441,867,8,3,3,1,1,0,0,392.99
508,1,1.3,0,1,0,50,0.7,82,5,9,102,1195,2175,14,4,14,0,0,1,1,532.44
1938,1,0.5,1,5,0,44,0.5,121,2,9,1299,1935,3497,18,10,18,0,1,0,3,706.26
995,0,1.3,1,1,0,10,0.1,104,4,3,258,1889,609,11,3,5,1,0,1,0,254.96
1086,1,1.7,1,0,1,43,0.2,111,6,1,56,1150,3285,11,5,17,1,1,0,2,740.46
1322,0,2.3,1,1,1,35,0.1,157,1,3,443,708,3684,15,8,6,1,0,0,3,719.7
1864,0,1.9,1,2,0,57,0.1,181,6,6,1279,1793,3586,19,9,8,0,0,1,3,915.73
1944,1,0.5,0,1,1,26,0.5,92,4,9,313,712,2322,19,8,7,1,0,1,2,640.68
581,0,0.6,0,5,1,56,0.2,180,2,10,523,565,354,10,4,13,1,1,1,0,363.69
1020,1,0.7,1,3,1,27,0.7,128,4,4,919,1482,3204,18,1,9,1,0,1,3,651.83
1936,0,1.3,0,2,0,44,0.1,139,3,3,570,1021,1400,17,7,3,0,0,1,1,427.44
1329,1,1.7,0,5,1,23,0.6,198,8,6,380,682,2308,11,10,9,1,1,0,1,563.56
808,1,0.5,1,3,0,46,0.5,105,8,15,119,529,1082,15,5,10,1,0,1,0,436.68
994,0,1.2,1,4,0,40,0.9,164,2,17,296,839,3104,17,7,11,0,0,0,2,624.94
1811,1,2.0,0,3,1,22,0.2,82,2,8,358,614,2847,9,2,4,1,0,1,2,583.33
765,1,2.5,0,3,0,44,0.3,88,8,11,1364,1851,2256,6,1,19,0,1,1,2,670.01
993,1,2.3,1,0,0,16,0.4,106,7,13,424,1639,1113,14,1,6,0,0,1,0,411.38
1136,1,1.6,0,15,0,32,0.5,150,6,19,961,1030,3210,10,3,8,1,1,1,3,811.72
719,1,0.5,1,0,1,23,0.4,113,6,9,431,1727,3990,14,9,12,1,1,1,3,684.7
733,1,0.6,1,0,0,63,0.3,105,7,10,950,1739,984,17,4,9,1,0,1,0,553.54
1946,0,2.7,1,8,0,8,0.3,123,8,19,647,1849,3117,6,0,2,1,0,0,3,742.22
1230,1,1.6,0,0,1,48,0.7,111,7,2,1960,1963,1622,18,17,16,1,1,1,2,574.78
1577,0,1.0,1,0,1,64,0.1,105,3,7,116,1432,2967,7,3,7,1,1,1,3,669.84
1514,1,1.4,0,3,1,12,0.6,138,3,4,306,538,1037,15,3,15,1,0,1,0,401.15
579,1,2.5,0,3,0,7,1.0,89,8,10,808,1517,2908,12,4,11,0,0,1,2,675.75
574,1,3.0,0,1,1,30,0.9,126,2,3,94,1334,1167,5,3,19,1,0,0,0,385.28
1072,1,2.2,1,6,0,19,0.4,114,8,16,380,877,2715,15,9,16,0,1,0,2,613.48
843,0,1.3,1,1,0,16,0.9,119,7,4,593,732,1734,17,8,14,0,0,1,1,436.73
1492,1,1.5,0,5,0,11,0.9,85,3,7,1684,1746,2259,14,12,19,0,1,1,3,481.44
1807,1,2.9,0,0,0,16,0.2,125,3,0,1221,1415,2921,8,5,17,0,1,0,3,612.67
909,1,0.7,1,7,0,47,0.1,146,3,9,410,1643,1244,14,10,16,0,1,0,0,471.41
1876,0,1.3,1,9,1,64,1.0,98,3,19,600,1211,3132,17,0,2,1,1,1,3,856.01
1436,1,2.4,1,3,1,23,0.3,106,5,4,189,1411,2488,8,4,8,1,0,0,2,516.73
1251,0,0.5,1,10,1,29,0.7,133,6,16,308,591,1052,11,9,11,1,0,0,0,441.12
636,0,0.5,0,8,1,28,0.9,152,2,15,148,742,2927,15,6,3,1,0,0,2,653.61
1354,1,0.7,1,3,1,26,0.5,136,4,6,297,918,2090,5,1,13,1,1,0,1,549.46
930,1,0.5,1,3,1,34,0.5,190,4,16,1050,1726,2131,7,2,6,1,0,1,2,631.98
1830,1,1.0,0,7,1,47,0.3,117,1,11,1191,1882,3362,13,10,11,1,0,0,3,693.26
1424,0,0.5,1,16,1,23,0.6,80,4,18,1399,1663,1053,14,11,16,1,1,1,1,531.21
583,1,0.9,1,1,0,51,0.9,88,8,2,1658,1794,1799,16,9,7,0,1,0,1,544.72
648,1,0.5,1,9,1,54,0.4,109,5,20,1153,1817,3124,5,0,13,1,0,0,3,707.8
1203,1,0.5,1,0,1,11,0.9,109,2,12,35,510,1672,17,13,19,1,1,0,0,418.35
1777,0,2.2,1,0,0,15,0.2,100,4,7,553,874,1552,10,8,10,1,1,0,1,434.91
1299,1,2.8,1,0,0,64,0.5,83,6,6,46,908,1938,19,8,5,1,0,1,1,628.22
1494,0,1.9,0,2,1,47,0.4,129,2,9,207,1177,3202,13,1,14,1,0,0,3,627.88
527,0,0.7,1,4,0,53,0.9,128,1,11,67,1924,1302,13,7,13,0,0,0,0,433.28
793,1,2.8,1,1,1,64,0.4,179,4,2,818,1006,2296,12,0,5,1,1,0,1,634.67
873,1,0.5,1,6,0,8,0.6,152,7,9,1257,1411,575,15,8,7,1,0,1,0,297.2
722,0,1.1,0,12,0,12,1.0,93,6,20,138,1371,2359,13,6,3,0,0,0,1,541.42
1250,1,1.5,0,14,1,20,0.4,167,5,18,11,1020,3314,6,5,6,1,1,1,2,740.18
1358,0,1.7,0,0,0,60,0.6,147,3,1,889,1635,440,14,10,13,1,0,0,0,355.83
1035,1,1.9,1,8,0,11,1.0,173,6,10,831,1709,2002,17,8,5,1,1,0,1,532.02
1289,0,0.8,1,3,1,16,0.9,161,6,17,713,1854,3167,14,8,20,1,1,0,3,663.27
1445,0,2.2,1,2,0,37,0.4,82,2,6,527,1393,3480,17,16,17,1,1,1,3,675.29
1702,1,2.3,1,12,1,47,0.6,107,2,19,1284,1643,595,10,0,19,1,0,1,1,543.58
534,0,0.5,1,4,0,2,0.2,85,5,16,911,1220,2466,5,3,18,0,1,1,2,445.5
628,1,1.8,0,5,0,60,0.2,87,6,6,1047,1534,1337,12,7,14,0,1,0,1,530.63
713,0,1.4,1,4,0,53,0.8,98,1,17,123,1477,1462,19,18,13,1,0,1,0,510.72
1207,0,0.5,0,0,0,58,0.3,112,8,0,406,681,503,7,3,5,1,1,0,0,332.41
683,1,2.1,0,7,0,30,0.1,197,7,8,927,1135,2066,9,0,15,0,0,0,1,590.9
594,1,2.6,0,1,0,27,0.1,196,5,2,407,528,708,17,5,17,0,1,1,0,299.91
537,1,2.0,0,1,1,55,0.3,103,7,2,1041,1430,2029,10,5,12,1,1,1,1,545.36
1565,1,0.5,0,0,0,38,0.1,121,5,1,781,1364,308,19,17,7,1,1,1,0,290.76
1052,0,0.9,0,1,0,6,0.8,195,4,16,1191,1839,552,6,1,11,0,0,1,0,300.41
713,0,1.6,0,4,1,63,0.7,89,2,8,103,1760,2082,15,10,12,1,0,0,1,597.1
1766,1,0.5,1,1,0,16,0.6,141,5,7,125,1227,3314,9,7,17,0,0,1,3,594.12
584,1,1.7,1,1,1,19,0.4,199,4,4,919,1343,3996,12,9,17,1,1,1,3,749.91
1541,1,1.5,1,6,1,5,0.5,109,4,10,536,1656,1795,7,3,4,1,1,1,1,526.38
837,0,2.4,1,1,0,51,0.2,104,5,15,638,1831,594,16,6,20,1,0,1,0,475.51
935,1,0.5,1,3,1,58,0.1,155,5,12,639,1087,2473,10,4,9,1,0,1,2,657.82
665,1,0.7,0,0,1,31,0.1,185,5,2,496,1804,690,5,2,15,1,0,0,0,276.04
680,1,2.4,0,13,1,34,0.4,157,2,17,686,1418,3845,15,1,4,1,1,1,3,864.5
877,0,1.5,1,0,1,17,0.1,195,7,0,1064,1985,2004,11,8,9,1,1,1,1,543.51
1493,0,1.5,1,13,0,53,0.5,102,5,16,240,1414,2083,19,15,20,0,1,1,2,704.04
1762,0,0.6,0,3,1,26,0.1,83,6,14,525,704,2661,9,7,4,1,1,0,2,586.39
842,1,1.8,1,4,0,57,1.0,124,3,10,348,730,1903,8,4,14,0,1,0,1,578.99
925,1,2.1,0,9,0,56,0.2,196,1,14,1262,1520,2466,8,0,5,1,0,0,2,679.52
1692,0,2.1,0,4,1,2,0.9,106,1,17,1899,1904,3779,9,3,7,1,1,1,3,809.81
1576,1,2.2,0,8,0,5,0.7,139,3,17,258,789,3904,5,1,7,1,1,1,3,693.45
1065,0,1.7,1,4,1,48,0.3,162,6,8,1188,1948,265,8,0,12,1,0,0,0,421.21
958,1,1.6,0,9,1,60,0.4,200,1,12,730,751,1417,10,4,19,1,0,1,0,586.7
623,1,0.8,0,6,1,26,0.3,197,7,12,484,1238,1769,10,1,16,1,0,0,1,501.64
897,0,1.4,1,1,0,17,0.4,171,1,2,547,1852,2948,12,3,5,0,0,1,2,492.14
1110,0,1.5,0,4,1,41,0.1,152,3,16,800,1455,2572,16,5,16,1,0,1,2,685.15
616,1,2.2,0,3,1,21,0.8,150,7,4,347,513,3267,17,9,19,1,0,0,2,690.94
1680,1,1.2,1,6,1,37,0.7,168,4,7,679,1231,1459,15,3,2,1,1,0,1,513.85
1715,0,1.3,0,0,1,12,0.3,94,8,6,1224,1676,1633,15,10,5,1,1,1,2,495.04
983,0,0.6,1,0,1,45,0.1,130,4,11,948,1205,2052,5,3,6,1,0,1,1,565.64
720,1,0.9,1,12,1,14,0.8,165,4,14,366,1234,1086,14,7,3,1,1,0,0,462.46
1660,0,0.6,0,2,1,24,0.8,169,2,3,223,1777,2402,12,10,14,1,1,1,2,502.68
1564,0,1.5,1,1,0,42,0.7,108,2,2,1619,1962,3376,7,0,7,0,1,0,3,653.29
592,0,0.8,1,1,0,52,0.9,103,7,10,332,970,1507,5,0,4,0,0,1,0,494.61
969,0,1.8,1,2,1,44,0.6,158,3,7,167,909,641,9,1,8,1,0,1,0,431.05
1356,1,0.5,1,0,0,35,0.8,131,1,19,782,951,3451,5,2,17,1,1,1,3,643.31
504,1,1.0,0,8,0,14,0.5,189,7,9,881,1129,1607,15,0,10,1,1,1,0,401.81
1546,1,0.5,1,3,1,6,0.2,101,1,4,91,1317,3521,15,11,9,1,0,0,3,535.81
689,0,2.9,1,3,1,7,0.8,147,2,6,487,722,1241,9,0,16,1,0,0,0,363.41
1685,0,0.6,0,14,0,16,0.6,137,7,15,120,1429,881,6,3,17,0,1,1,0,390.11
1792,1,1.0,0,3,1,62,0.3,170,7,8,1626,1913,2563,18,14,15,1,0,1,3,722.15
1786,0,1.2,0,11,0,61,0.1,123,3,14,74,865,3033,14,11,17,0,1,0,3,778.5
1944,0,0.6,1,9,1,59,0.2,132,7,10,634,1079,769,19,13,3,1,0,1,0,511.91
1077,1,2.5,0,13,1,49,0.6,131,4,14,334,1079,3454,17,11,2,1,0,1,3,855.72
648,1,1.8,0,1,1,60,0.1,195,4,4,931,1811,819,10,3,4,1,0,0,0,437.75
1702,1,0.5,1,8,0,2,0.6,185,6,19,921,1351,435,12,9,3,0,1,1,0,348.92
1571,0,2.9,0,1,0,30,0.9,150,7,3,805,956,586,10,9,4,0,1,1,0,425.78
856,1,1.1,1,14,1,19,0.7,125,6,19,1057,1931,650,17,0,10,1,0,1,0,449.39
1786,0,2.6,0,6,0,14,1.0,115,4,15,616,912,3038,18,0,14,1,0,0,3,648.97
914,1,0.7,0,1,1,60,0.9,198,5,4,740,840,3736,14,8,5,1,0,0,3,805.15
1615,1,2.8,0,3,0,9,0.9,117,1,13,542,678,2948,8,3,3,1,1,0,2,571.88
649,1,1.4,0,4,1,19,0.8,190,7,12,344,1551,739,18,1,2,1,1,0,0,349.62
1646,0,2.5,0,3,1,25,0.6,200,2,5,211,1608,686,8,6,11,1,1,0,0,369.52
1189,1,1.9,0,5,0,7,0.5,164,2,20,79,615,841,13,10,11,0,1,0,0,317.52
1043,0,2.7,0,3,0,29,0.2,83,8,17,887,893,1183,5,3,8,1,0,0,0,570.62
1920,0,0.6,1,3,1,19,0.5,131,3,8,670,1152,3943,13,0,4,1,1,0,3,776.44
1220,1,2.8,0,1,0,54,0.7,109,7,20,383,1249,1037,6,4,15,1,0,0,0,576.78
1748,1,0.5,1,11,1,53,0.5,114,4,20,718,1109,2633,16,0,9,1,0,0,2,755.29
907,1,2.6,1,7,0,44,0.2,160,3,12,144,896,3911,13,6,8,0,0,0,3,779.43
1193,1,2.3,0,7,0,20,1.0,158,7,13,1442,1904,1958,7,5,2,1,0,0,2,605.16
1766,1,0.5,1,1,1,22,0.8,122,8,4,291,1318,3297,7,5,16,1,0,0,3,629.02
1278,1,1.0,0,7,1,24,0.8,170,3,16,1352,1775,3141,6,2,11,1,1,1,3,720.67
1234,0,1.7,1,8,0,17,0.9,174,6,15,209,725,3351,12,9,19,0,0,1,2,749.08
1961,1,1.5,0,10,0,55,0.5,100,7,20,861,1888,2355,14,7,6,1,1,1,3,727.95
1745,0,2.9,0,0,1,3,0.9,105,3,0,426,1629,1308,5,0,2,1,1,0,1,351.47
1442,0,0.6,1,1,0,27,0.4,127,5,8,266,642,991,14,8,7,1,0,0,0,330.39
1083,1,2.9,1,1,1,39,1.0,173,8,2,523,542,3248,8,6,6,1,0,1,2,733.66
868,1,0.9,0,5,0,5,0.4,137,4,7,40,1311,1519,13,0,2,0,0,1,0,323.72
864,0,1.6,1,0,1,53,0.3,88,6,1,262,1436,493,18,9,10,1,1,0,0,408.48
1142,1,1.2,0,0,0,2,0.6,114,6,0,623,769,1747,7,0,14,0,1,0,1,388.29
608,1,0.5,1,0,0,64,0.9,94,4,0,4,1351,2517,16,8,7,1,1,1,1,622.14
983,0,1.8,0,0,1,53,0.9,187,1,4,1001,1176,1389,17,8,8,1,1,1,1,432.11
1720,0,1.6,0,18,1,2,0.8,188,5,20,334,896,2522,10,5,2,1,0,1,2,697.09
1802,1,1.2,1,8,0,27,0.5,116,5,16,453,963,1885,10,9,7,1,1,0,2,601.38
591,0,2.1,1,18,1,16,0.5,196,7,20,952,1726,704,14,5,4,1,1,1,0,510.34
1205,1,2.7,0,5,0,10,0.1,163,6,10,321,1870,953,18,11,20,0,1,1,0,415.47
1369,1,1.7,1,3,0,28,0.6,108,1,18,1451,1469,3206,16,15,4,0,0,0,3,595.97
713,0,0.9,1,0,0,42,0.1,94,1,14,1048,1123,928,12,10,9,0,0,1,0,404.7
1082,0,2.3,1,11,0,2,1.0,101,4,20,398,724,2177,12,2,17,0,1,0,1,512.52
1719,1,2.1,1,0,0,52,0.1,187,3,1,417,520,2610,10,1,11,1,1,1,2,623.51
1544,0,2.4,0,18,1,12,0.1,186,7,20,470,844,489,9,4,2,1,0,1,0,462.69
1090,1,2.3,0,1,1,8,0.6,128,8,8,1217,1670,3839,17,3,11,1,0,1,3,799.12
1991,0,2.8,0,3,1,15,0.1,181,1,13,298,1037,1861,8,5,17,1,1,1,1,542.16
1367,0,2.9,0,4,0,56,0.8,176,2,6,36,642,299,6,2,10,0,1,0,0,341.59
1179,1,0.5,0,7,1,32,0.3,182,2,12,85,1451,340,16,5,16,1,0,0,0,317.3
721,1,2.7,1,1,1,15,0.2,102,5,18,655,1255,3606,10,0,5,1,1,1,3,671.59
1549,1,1.8,1,0,0,62,0.7,91,4,4,167,990,799,7,3,9,1,0,1,0,439.13
1349,1,2.1,1,3,0,46,0.9,134,6,12,212,623,2367,11,7,10,1,0,1,1,634.66
1799,0,1.0,0,1,1,30,0.6,123,3,9,617,1386,445,10,8,10,1,1,0,0,315.89
1075,0,0.5,1,2,0,11,0.2,122,1,16,271,1769,3927,8,3,7,1,0,0,3,684.2
684,1,0.9,1,3,1,63,1.0,157,5,9,159,1738,3756,17,5,12,1,1,1,3,794.68
1837,0,0.5,0,9,0,36,0.9,162,4,20,786,872,770,14,1,15,0,0,1,0,424.6
1619,1,1.9,0,2,1,21,0.4,138,1,9,46,562,1641,7,2,13,1,0,0,1,430.19
965,1,1.4,0,1,0,13,0.9,197,8,2,645,1275,2343,17,12,15,1,0,0,2,512.1
730,0,1.5,0,9,0,9,0.7,122,4,15,1371,1677,2787,10,8,7,1,0,1,2,622.72
1361,1,1.4,0,1,0,47,1.0,169,5,2,881,1382,2495,8,7,16,0,0,1,2,587.13
1494,0,1.6,0,3,1,45,0.8,158,5,4,449,790,3208,11,9,4,1,0,0,3,733.43
1027,1,0.8,0,7,0,18,1.0,146,7,11,338,534,1234,7,4,14,1,0,1,0,378.24
1807,0,0.8,1,0,1,38,0.2,97,8,0,1332,1814,1069,7,6,7,1,0,0,1,444.37
709,0,2.4,1,1,0,11,0.1,130,5,11,119,1531,3568,16,14,3,0,0,1,3,675.36
689,0,1.4,0,2,0,45,0.5,103,5,11,256,823,3585,10,1,10,1,0,0,3,688.95
955,1,0.5,0,2,0,2,0.6,155,4,10,428,1254,1974,14,1,18,1,1,0,1,398.91
1872,1,1.9,0,5,0,35,0.6,111,3,14,1546,1879,2419,15,5,19,0,0,0,3,599.65
1259,0,1.2,1,0,0,13,0.5,97,2,0,1210,1989,340,17,13,4,1,0,1,0,241.41
695,0,1.2,0,1,1,41,0.4,169,8,8,789,1211,2282,5,2,17,1,1,0,1,609.69
1969,0,1.2,1,9,0,63,0.2,132,4,11,390,756,298,10,1,10,1,1,0,0,371.77
759,0,2.5,0,3,1,39,0.3,162,2,8,110,1317,968,6,2,2,1,0,0,0,438.35
936,0,1.0,0,1,0,18,0.2,153,3,18,1330,1686,2391,12,6,3,1,1,1,2,453.98
1176,1,2.1,0,2,1,62,0.5,168,2,10,674,1455,1534,6,2,17,1,0,0,1,533.22
1802,0,2.7,1,0,1,10,0.6,101,7,9,253,590,696,14,7,3,1,1,0,0,444.3
772,0,1.0,1,0,1,23,0.6,97,7,11,317,1805,2782,7,0,17,1,0,0,2,590.46
1318,1,2.4,0,1,1,45,0.1,136,2,7,183,661,755,18,3,9,1,0,1,0,381.86
591,1,0.5,1,1,1,16,0.9,90,6,17,892,1603,3746,5,0,5,1,1,0,3,658.36
569,1,2.5,1,0,0,41,0.3,124,1,1,388,605,2651,17,7,4,0,0,0,1,553.13
764,0,1.0,1,9,1,45,0.5,124,8,11,52,539,1341,19,1,12,1,0,0,0,473.55
1056,1,2.1,1,8,1,37,0.7,101,3,11,914,979,2651,15,5,3,1,1,1,2,726.9
1982,1,1.6,0,2,1,12,0.2,80,5,20,287,593,1824,13,3,14,1,1,1,1,550.7
1830,1,0.5,0,5,0,14,0.8,160,6,6,773,1353,1905,16,3,19,1,1,1,2,428.27
1122,0,0.5,0,0,1,40,0.3,156,7,14,675,1163,1456,9,3,20,1,1,0,1,470.98
1023,1,0.7,0,2,1,63,0.7,153,7,8,367,1985,3155,11,10,7,1,1,1,3,701.83
1283,1,2.4,1,8,1,33,1.0,93,3,15,510,980,773,17,7,2,1,1,0,0,487.68
1602,0,1.6,1,0,1,35,0.1,99,7,7,1325,1800,1829,18,17,13,1,0,0,2,600.67
732,1,1.3,0,5,1,32,0.4,163,8,7,1661,1836,3883,12,2,5,1,0,1,3,726.1
1854,0,0.9,1,0,1,33,0.4,195,1,0,665,718,1675,14,12,9,1,0,1,1,453.11
718,1,1.6,1,1,1,30,0.4,93,3,12,662,997,1601,10,9,12,1,1,1,1,468.74
897,1,2.0,0,3,1,2,0.6,154,8,10,0,994,1958,7,5,7,1,1,0,1,543.46
1405,0,1.7,0,0,0,8,0.3,107,4,7,284,1036,2376,19,6,11,0,1,0,2,432.81
798,0,0.6,1,6,1,21,0.5,110,2,12,661,1951,1647,12,2,3,1,0,0,1,515.99
1035,1,2.7,0,1,0,40,0.2,157,5,15,757,1912,3548,14,4,5,0,1,1,3,779.19
1396,1,0.6,0,0,0,37,0.7,134,4,15,560,1177,2694,18,3,19,0,0,1,2,566.01
1749,1,0.5,1,7,1,49,0.8,178,1,8,470,775,2195,5,4,4,1,0,1,2,597.17
1588,1,2.5,0,12,1,4,0.3,148,5,20,146,822,2506,5,3,11,1,0,0,2,621.22
1600,0,0.5,0,1,1,16,0.3,94,4,16,1315,1710,2073,9,5,4,1,1,0,2,489.94
1522,0,2.2,0,4,0,21,0.7,162,6,11,533,1696,3767,15,9,16,0,0,1,3,764.04
1279,1,2.5,0,5,1,7,0.5,105,6,6,560,1633,1150,7,2,7,1,0,0,1,398.68
719,0,2.9,0,7,0,6,0.7,102,6,8,405,1141,841,9,1,2,1,0,0,0,321.04
544,1,0.5,1,2,1,7,0.2,129,5,15,227,610,1675,13,4,17,1,1,0,0,410.47
1007,1,2.9,1,5,1,21,0.8,185,8,12,479,831,1301,8,6,12,1,1,0,0,497.21
590,1,1.2,1,0,0,32,0.4,141,6,1,227,509,1817,10,0,6,0,1,0,0,409.51
1788,0,0.5,0,0,1,6,0.2,141,6,16,149,1022,2321,7,5,20,1,1,0,2,490.39
748,0,1.4,0,0,0,25,1.0,110,7,14,88,709,1974,17,5,13,0,1,1,1,481.82
757,1,0.9,1,4,0,64,0.5,157,7,5,114,819,3433,6,5,10,1,1,0,2,823.61
1561,1,1.6,1,1,1,27,0.8,174,3,10,662,874,1205,12,7,3,1,1,0,1,442.89
1327,0,2.8,0,10,0,23,0.5,89,7,16,441,1721,872,7,5,4,1,1,1,0,516.83
797,1,1.5,1,4,0,18,0.6,81,8,20,888,1466,2052,9,3,14,1,1,1,1,519.12
727,1,2.5,1,0,1,64,0.2,193,1,9,664,711,3654,9,1,16,1,1,0,3,741.28
686,1,2.7,1,0,0,36,0.1,194,4,1,64,745,1503,10,0,13,0,0,0,0,432.05
1515,1,2.1,1,4,1,24,0.9,176,5,6,747,1247,3104,6,5,20,1,0,0,3,643.34
555,1,0.5,1,2,0,17,0.2,163,5,12,956,1010,343,19,14,3,0,1,1,0,283.8
1589,0,0.6,0,0,0,5,0.8,112,5,2,776,1397,3430,7,5,19,1,1,1,3,527.86
1976,1,2.6,1,6,0,45,1.0,136,4,19,652,1933,2470,11,1,3,0,0,0,3,698.23
1884,0,1.0,1,3,0,24,0.5,149,6,4,1168,1179,1396,15,8,9,1,1,1,1,428.3
1063,0,2.0,0,0,0,27,0.2,86,6,7,201,582,2668,12,5,19,0,0,0,2,577.14
672,1,0.6,1,13,0,61,0.1,194,5,20,724,1127,1457,14,10,20,1,0,1,0,573.6
635,1,0.5,0,9,0,16,1.0,110,7,17,599,1299,2452,19,17,8,1,0,0,2,531.9
1906,1,1.9,1,3,0,55,0.2,113,3,4,3,629,1871,13,5,4,1,0,1,1,556.03
1753,0,0.7,0,4,0,40,0.6,191,4,11,1652,1983,1112,8,2,15,1,1,1,1,451.68
659,0,1.4,1,2,1,3,0.1,85,8,6,190,657,967,10,1,14,1,0,1,0,371.48
1583,0,1.2,1,0,0,14,0.2,148,2,4,1171,1673,2498,13,6,8,0,0,1,2,514.25
1783,0,2.9,1,2,0,42,0.7,104,6,8,1081,1979,387,14,5,3,0,1,0,1,442.63
1667,0,1.0,1,0,1,21,0.9,138,2,0,1211,1396,635,17,7,15,1,0,0,0,303.6
640,0,1.3,1,5,1,6,0.6,143,8,20,976,1353,2711,15,7,8,1,1,0,2,663.12
1913,1,1.8,0,0,0,29,0.6,111,5,4,675,742,2023,17,13,8,1,1,0,2,494.2
538,0,1.1,1,0,1,25,0.3,163,7,7,455,537,2215,9,3,17,1,1,1,1,524.17
1191,0,0.8,0,6,1,46,0.8,89,6,9,42,807,824,19,18,7,1,0,0,0,439.98
816,0,3.0,1,2,0,9,0.1,117,1,3,1196,1651,3851,10,3,14,1,0,1,3,702.48
915,1,0.5,1,9,1,33,0.3,199,2,16,503,986,2156,7,3,13,1,1,0,1,537.17
1157,1,0.8,0,7,0,27,0.1,88,8,8,1694,1798,2885,8,4,2,1,0,1,3,673.97
1201,1,0.5,0,2,0,10,1.0,99,7,7,306,558,495,15,6,14,1,1,1,0,227.14
1379,0,1.1,1,1,1,18,0.2,129,2,16,838,885,2358,10,5,15,1,1,0,2,563.66
1483,1,2.2,0,3,1,53,0.7,169,5,11,291,651,1744,6,3,10,1,0,0,1,664.46
1614,0,1.2,0,1,1,9,0.1,161,3,2,173,1219,1832,15,8,11,1,0,0,1,426.12
930,1,1.0,1,4,1,4,0.9,144,8,10,1017,1289,2016,13,10,16,1,1,1,1,515.3
1454,0,2.6,0,8,0,6,0.4,199,3,20,698,1018,1300,10,0,2,0,0,1,1,440.17
1784,0,1.6,0,4,0,41,0.4,164,6,20,610,1437,2313,14,1,11,0,1,0,2,654.5
1262,0,1.8,1,12,0,34,0.1,149,5,16,223,737,3248,13,3,4,0,1,1,2,746.65
797,0,2.2,1,0,0,37,0.9,144,7,2,206,1167,2216,9,5,6,1,0,0,1,522.9
1829,1,2.1,0,8,0,59,0.1,91,5,15,1457,1919,3142,16,6,5,1,1,1,3,817.81
1139,1,0.9,1,6,1,58,0.5,161,2,11,742,999,1850,9,4,8,1,0,0,1,599.43
618,1,1.0,0,9,1,13,0.1,80,4,15,591,724,1424,15,12,7,1,1,0,0,420.38
1547,1,2.9,0,2,0,57,0.4,114,1,3,347,957,1620,9,2,19,0,1,1,1,474.13
586,0,2.8,0,2,0,15,0.2,83,3,11,241,854,2592,12,8,3,0,0,0,1,480.83
1617,1,2.4,0,8,1,36,0.8,85,1,9,743,1426,296,5,3,7,1,0,0,0,376.26
1882,0,2.0,0,11,1,44,0.8,113,8,19,4,743,3579,19,8,20,1,1,0,3,929.39
674,1,2.9,1,1,0,21,0.2,198,3,4,576,1809,1180,6,3,4,1,1,1,0,384.45
1467,1,0.5,0,0,0,18,0.6,122,5,0,888,1099,3962,15,11,5,1,1,1,3,684.73
858,0,2.2,0,1,0,50,0.1,84,1,2,528,1416,3978,17,16,3,1,1,0,3,710.22
794,1,0.5,1,0,1,2,0.8,106,6,14,1222,1890,668,13,4,19,1,1,0,0,318.13
1965,1,2.6,1,0,0,39,0.2,187,4,3,915,1965,2032,11,10,16,1,1,1,2,582.53
1911,0,0.9,1,1,1,36,0.7,108,8,3,868,1632,3057,9,1,5,1,1,0,3,677.92
1512,0,0.9,0,4,1,46,0.1,145,5,5,336,670,869,18,10,19,1,1,1,0,428.09
510,1,2.0,1,5,1,45,0.9,168,6,16,483,754,3919,19,4,2,1,1,1,3,989.98
